PRAGMA foreign_keys=OFF;
BEGIN TRANSACTION;
CREATE TABLE trigger_point (
	id INTEGER NOT NULL, 
	treatment_id INTEGER NOT NULL, 
	location_x FLOAT NOT NULL, 
	location_y FLOAT NOT NULL, 
	type VARCHAR(50), 
	muscle VARCHAR(100), 
	intensity INTEGER, 
	symptoms TEXT, 
	referral_pattern TEXT, 
	PRIMARY KEY (id), 
	FOREIGN KEY(treatment_id) REFERENCES treatment (id)
);
INSERT INTO trigger_point VALUES(6,3,185.0,140.0,'active','','','Dolor a la elevación 60º','');
INSERT INTO trigger_point VALUES(7,3,598.0,155.0,'active','','','','');
INSERT INTO trigger_point VALUES(8,4,303.0,143.0,'active','','','','');
INSERT INTO trigger_point VALUES(9,4,308.0,162.0,'active','','','','');
INSERT INTO trigger_point VALUES(10,4,298.0,152.0,'active','','','','');
INSERT INTO trigger_point VALUES(11,5,303.0,140.0,'active','','','','');
INSERT INTO trigger_point VALUES(12,5,311.0,155.0,'active','','','','');
INSERT INTO trigger_point VALUES(13,5,574.0,123.0,'active','','','','');
INSERT INTO trigger_point VALUES(14,5,519.0,123.0,'active','','','','');
INSERT INTO trigger_point VALUES(15,5,494.0,155.0,'active','','','','');
INSERT INTO trigger_point VALUES(16,6,214.0,126.0,'active','','','','');
INSERT INTO trigger_point VALUES(17,6,204.0,131.0,'active','','','','');
INSERT INTO trigger_point VALUES(18,6,543.0,249.0,'active','','','','');
INSERT INTO trigger_point VALUES(19,6,543.0,220.0,'active','','','','');
INSERT INTO trigger_point VALUES(20,6,562.0,261.0,'active','','','','');
INSERT INTO trigger_point VALUES(21,6,572.0,208.0,'active','','','','');
INSERT INTO trigger_point VALUES(22,7,192.0,145.0,'active','','','','');
INSERT INTO trigger_point VALUES(23,7,598.0,160.0,'active','','','','');
INSERT INTO trigger_point VALUES(24,7,569.0,121.0,'active','','','','');
INSERT INTO trigger_point VALUES(25,8,594.0,271.0,'active','','','','');
INSERT INTO trigger_point VALUES(26,8,514.0,295.0,'active','','','','');
INSERT INTO trigger_point VALUES(27,8,557.0,244.0,'active','','','','');
INSERT INTO trigger_point VALUES(28,8,557.0,179.0,'active','','','','');
INSERT INTO trigger_point VALUES(29,9,560.0,240.0,'active','','','','');
INSERT INTO trigger_point VALUES(30,9,562.0,206.0,'active','','','','');
INSERT INTO trigger_point VALUES(31,10,528.0,261.0,'active','','','','');
INSERT INTO trigger_point VALUES(32,10,565.0,128.0,'active','','','','');
INSERT INTO trigger_point VALUES(33,10,555.0,196.0,'active','','','','');
INSERT INTO trigger_point VALUES(34,11,206.0,382.0,'active','','','','');
INSERT INTO trigger_point VALUES(35,11,199.0,440.0,'active','','','','');
INSERT INTO trigger_point VALUES(36,11,197.0,537.0,'active','','','','');
INSERT INTO trigger_point VALUES(37,11,175.0,541.0,'active','','','','');
INSERT INTO trigger_point VALUES(38,12,289.0,138.0,'active','','','','');
INSERT INTO trigger_point VALUES(39,13,502.0,479.0,'active','','','','');
INSERT INTO trigger_point VALUES(40,14,497.0,452.0,'active','','','','');
INSERT INTO trigger_point VALUES(41,14,594.0,460.0,'active','','','','');
INSERT INTO trigger_point VALUES(42,15,317.0,143.0,'active','','','','');
INSERT INTO trigger_point VALUES(43,16,520.0,126.0,'active','','','','');
INSERT INTO trigger_point VALUES(44,16,551.0,104.0,'active','','','','');
INSERT INTO trigger_point VALUES(45,16,537.0,242.0,'active','','','','');
INSERT INTO trigger_point VALUES(46,17,578.0,344.0,'active','','','','');
INSERT INTO trigger_point VALUES(47,17,580.0,368.0,'active','','','','');
INSERT INTO trigger_point VALUES(48,17,592.0,385.0,'active','','','','');
INSERT INTO trigger_point VALUES(49,18,511.0,140.0,'active','','','','');
INSERT INTO trigger_point VALUES(50,18,502.0,157.0,'active','','','','');
INSERT INTO trigger_point VALUES(51,18,301.0,150.0,'active','','','','');
INSERT INTO trigger_point VALUES(52,19,569.0,123.0,'active','','','','');
INSERT INTO trigger_point VALUES(53,19,519.0,126.0,'active','','','','');
INSERT INTO trigger_point VALUES(54,20,299.0,144.0,'active','','','','');
INSERT INTO trigger_point VALUES(55,20,564.0,254.0,'active','','','','');
INSERT INTO trigger_point VALUES(56,21,302.0,401.0,'active','','','','');
INSERT INTO trigger_point VALUES(57,22,527.0,156.0,'active','','','','');
INSERT INTO trigger_point VALUES(58,22,290.0,147.0,'active','','','','');
INSERT INTO trigger_point VALUES(64,24,190.0,143.0,'active','','','','');
INSERT INTO trigger_point VALUES(65,24,596.0,157.0,'active','','','','');
INSERT INTO trigger_point VALUES(66,24,613.0,162.0,'active','','','','');
INSERT INTO trigger_point VALUES(67,25,185.0,140.0,'active','','','','');
INSERT INTO trigger_point VALUES(68,25,574.0,290.0,'active','','','','');
INSERT INTO trigger_point VALUES(69,25,511.0,293.0,'active','','','','');
INSERT INTO trigger_point VALUES(70,25,586.0,353.0,'active','','','','');
INSERT INTO trigger_point VALUES(71,25,499.0,377.0,'active','','','','');
INSERT INTO trigger_point VALUES(72,25,567.0,121.0,'active','','','','');
INSERT INTO trigger_point VALUES(73,25,586.0,152.0,'active','','','','');
INSERT INTO trigger_point VALUES(74,26,487.0,148.0,'active','','','','');
INSERT INTO trigger_point VALUES(75,26,303.0,145.0,'active','','','','');
INSERT INTO trigger_point VALUES(76,26,504.0,167.0,'active','','','','');
INSERT INTO trigger_point VALUES(77,26,492.0,191.0,'active','','','','');
INSERT INTO trigger_point VALUES(78,27,320.0,220.0,'active','','','','');
INSERT INTO trigger_point VALUES(79,28,306.0,143.0,'active','','','','');
INSERT INTO trigger_point VALUES(80,28,511.0,165.0,'active','','','','');
INSERT INTO trigger_point VALUES(81,28,516.0,133.0,'active','','','','');
INSERT INTO trigger_point VALUES(82,28,487.0,150.0,'active','','','','');
INSERT INTO trigger_point VALUES(83,29,311.0,148.0,'active','','','','');
INSERT INTO trigger_point VALUES(84,29,284.0,165.0,'active','','','','');
INSERT INTO trigger_point VALUES(85,30,521.0,250.0,'active','','','','');
INSERT INTO trigger_point VALUES(86,30,513.0,286.0,'active','','','','');
INSERT INTO trigger_point VALUES(87,30,501.0,281.0,'active','','','','');
INSERT INTO trigger_point VALUES(95,32,285.0,141.0,'active','','','','');
INSERT INTO trigger_point VALUES(96,32,484.0,182.0,'active','','','','');
INSERT INTO trigger_point VALUES(97,33,208.0,403.0,'active','','','','');
INSERT INTO trigger_point VALUES(98,33,285.0,412.0,'active','','','','');
INSERT INTO trigger_point VALUES(99,33,297.0,143.0,'active','','','','');
INSERT INTO trigger_point VALUES(100,33,494.0,153.0,'active','','','','');
INSERT INTO trigger_point VALUES(101,33,504.0,170.0,'active','','','','');
INSERT INTO trigger_point VALUES(102,34,210.0,432.0,'active','','','','');
INSERT INTO trigger_point VALUES(103,34,523.0,291.0,'active','','','','');
INSERT INTO trigger_point VALUES(108,36,309.0,143.0,'active','','','','');
INSERT INTO trigger_point VALUES(109,37,296.0,136.0,'active','','','','');
INSERT INTO trigger_point VALUES(110,37,502.0,131.0,'active','','','','');
INSERT INTO trigger_point VALUES(111,37,526.0,114.0,'active','','','','');
INSERT INTO trigger_point VALUES(112,37,492.0,163.0,'active','','','','');
INSERT INTO trigger_point VALUES(113,38,305.0,146.0,'active','','','','');
INSERT INTO trigger_point VALUES(114,39,179.0,233.0,'active','','','','');
INSERT INTO trigger_point VALUES(115,39,313.0,230.0,'active','','','','');
INSERT INTO trigger_point VALUES(116,40,300.0,146.0,'active','','','','');
INSERT INTO trigger_point VALUES(117,40,494.0,182.0,'active','','','','');
INSERT INTO trigger_point VALUES(118,41,154.0,325.0,'active','','','','');
INSERT INTO trigger_point VALUES(119,41,615.0,213.0,'active','','','','');
INSERT INTO trigger_point VALUES(120,41,191.0,150.0,'active','','','','');
INSERT INTO trigger_point VALUES(121,41,288.0,364.0,'active','','','','');
INSERT INTO trigger_point VALUES(122,42,516.0,179.0,'active','','','','');
INSERT INTO trigger_point VALUES(123,42,294.0,144.0,'active','','','','');
INSERT INTO trigger_point VALUES(124,43,314.0,146.0,'active','','','','');
INSERT INTO trigger_point VALUES(125,43,506.0,168.0,'active','','','','');
INSERT INTO trigger_point VALUES(126,43,532.0,202.0,'active','','','','');
INSERT INTO trigger_point VALUES(127,43,474.0,199.0,'active','','','','');
INSERT INTO trigger_point VALUES(128,44,295.0,141.0,'active','','','','');
INSERT INTO trigger_point VALUES(129,44,314.0,163.0,'active','','','','');
INSERT INTO trigger_point VALUES(130,45,593.0,468.0,'active','','','','');
INSERT INTO trigger_point VALUES(131,45,537.0,250.0,'active','','','','');
INSERT INTO trigger_point VALUES(136,48,302.0,141.0,'active','','','','');
INSERT INTO trigger_point VALUES(137,48,501.0,139.0,'active','','','','');
INSERT INTO trigger_point VALUES(138,49,571.0,291.0,'active','','','','');
INSERT INTO trigger_point VALUES(139,50,307.0,187.0,'active','','','','');
INSERT INTO trigger_point VALUES(140,51,183.0,150.0,'active','','','','');
INSERT INTO trigger_point VALUES(141,51,588.0,471.0,'active','','','','');
INSERT INTO trigger_point VALUES(142,52,183.0,150.0,'active','','','','');
INSERT INTO trigger_point VALUES(143,52,588.0,471.0,'active','','','','');
INSERT INTO trigger_point VALUES(144,53,292.0,411.0,'active','','','','');
INSERT INTO trigger_point VALUES(145,53,578.0,130.0,'active','','','','');
INSERT INTO trigger_point VALUES(146,53,539.0,254.0,'active','','','','');
INSERT INTO trigger_point VALUES(147,54,299.0,136.0,'active','','','','');
INSERT INTO trigger_point VALUES(149,56,304.0,146.0,'active','','','','');
INSERT INTO trigger_point VALUES(150,57,271.0,122.0,'active','','','','');
INSERT INTO trigger_point VALUES(151,57,515.0,124.0,'active','','','','');
INSERT INTO trigger_point VALUES(152,57,544.0,260.0,'active','','','','');
INSERT INTO trigger_point VALUES(153,58,299.0,141.0,'active','','','','');
INSERT INTO trigger_point VALUES(154,58,515.0,170.0,'active','','','','');
INSERT INTO trigger_point VALUES(155,59,273.0,260.0,'active','','','','');
INSERT INTO trigger_point VALUES(156,59,268.0,287.0,'active','','','','');
INSERT INTO trigger_point VALUES(157,59,517.0,270.0,'active','','','','');
INSERT INTO trigger_point VALUES(158,59,530.0,262.0,'active','','','','');
INSERT INTO trigger_point VALUES(159,59,510.0,299.0,'active','','','','');
INSERT INTO trigger_point VALUES(160,59,275.0,308.0,'active','','','','');
INSERT INTO trigger_point VALUES(165,46,48.732944488525390624,143.46978759765624999,'active','',NULL,'','');
INSERT INTO trigger_point VALUES(166,61,8.5088024139404296875,97.204002380371093746,'active','',NULL,'','');
INSERT INTO trigger_point VALUES(167,35,150.0,157.5,'active','',5,'','');
INSERT INTO trigger_point VALUES(168,35,150.0,155.49999999999999999,'active','',5,'','');
INSERT INTO trigger_point VALUES(169,35,150.0,80.0,'active','',5,'','');
INSERT INTO trigger_point VALUES(170,35,150.0,265.49999999999999999,'active','',5,'','');
INSERT INTO trigger_point VALUES(171,31,150.0,160.0,'active','',5,'','');
INSERT INTO trigger_point VALUES(172,31,150.0,162.5,'active','',5,'','');
INSERT INTO trigger_point VALUES(173,31,150.0,241.49999999999999999,'active','',5,'','');
INSERT INTO trigger_point VALUES(174,31,150.0,148.0,'active','',5,'','');
INSERT INTO trigger_point VALUES(175,31,150.0,80.0,'active','',5,'','');
INSERT INTO trigger_point VALUES(176,31,150.0,182.0,'active','',5,'','');
INSERT INTO trigger_point VALUES(177,31,150.0,184.5,'active','',5,'','');
INSERT INTO trigger_point VALUES(178,23,150.0,153.49999999999999999,'active','',5,'','');
INSERT INTO trigger_point VALUES(179,23,150.0,155.0,'active','',5,'','');
INSERT INTO trigger_point VALUES(180,23,150.0,80.0,'active','',5,'','');
INSERT INTO trigger_point VALUES(181,23,150.0,146.5,'active','',5,'','');
INSERT INTO trigger_point VALUES(182,23,150.0,169.5,'active','',5,'','');
INSERT INTO trigger_point VALUES(183,60,150.0,109.5,'active','',5,'','');
INSERT INTO trigger_point VALUES(184,60,150.0,99.499999999999999998,'active','',5,'','');
INSERT INTO trigger_point VALUES(185,55,150.0,115.49999999999999999,'active','',5,'','');
INSERT INTO trigger_point VALUES(186,47,150.0,113.0,'active','',5,'','');
CREATE TABLE unmatched_calendly_booking (
	id INTEGER NOT NULL, 
	name VARCHAR(100) NOT NULL, 
	email VARCHAR(100) NOT NULL, 
	event_type VARCHAR(100), 
	start_time DATETIME, 
	calendly_invitee_id VARCHAR(100), 
	status VARCHAR(20), 
	matched_patient_id INTEGER, 
	created_at DATETIME, 
	PRIMARY KEY (id), 
	FOREIGN KEY(matched_patient_id) REFERENCES patient (id)
);
INSERT INTO unmatched_calendly_booking VALUES(1,'Patrick Martin','patrickmartin11@hotmail.com','Physiotherapy session','2025-03-18 17:00:00.000000','dbd02418-c2a1-49dc-99ed-b1cd78799a2f','Pending',NULL,'2025-04-15 12:46:32.391971');
INSERT INTO unmatched_calendly_booking VALUES(2,'Richard Pelletier','rprecap@protonmail.com','Physiotherapy session','2025-03-19 15:30:00.000000','0d76bbcf-cc77-412a-a20e-115bb1728ca0','Pending',NULL,'2025-04-15 12:46:32.391978');
INSERT INTO unmatched_calendly_booking VALUES(3,'Victor Chacon','victorchaconcoronado@gmail.com','Physiotherapy session','2025-03-19 11:00:00.000000','a216952f-40b7-40fe-8cf7-39f84b6d4255','Pending',NULL,'2025-04-15 12:46:32.391979');
INSERT INTO unmatched_calendly_booking VALUES(4,'Sharifa Adham','sharifa.adham@gmail.com','Physiotherapy session','2025-03-25 11:00:00.000000','a59b4305-edee-4402-881c-8f5103a8d00c','Pending',NULL,'2025-04-15 12:46:32.391980');
INSERT INTO unmatched_calendly_booking VALUES(5,'Leila the Best','mirzai.leila@gmail.com','Physiotherapy session','2025-03-26 15:30:00.000000','42313897-c75c-4df3-8b55-e02c94749d2e','Pending',NULL,'2025-04-15 12:46:32.391981');
INSERT INTO unmatched_calendly_booking VALUES(6,'Laetitia','laetitiacooremans@hotmail.be','Physiotherapy session','2025-03-25 17:00:00.000000','21a7ba46-5e21-42f1-8fd9-d3a15e67ad96','Pending',NULL,'2025-04-15 12:46:32.391982');
INSERT INTO unmatched_calendly_booking VALUES(7,'Marie Salomé','mariesalome@free.fr','Physiotherapy session','2025-03-28 11:00:00.000000','8f1576ff-7780-4992-9d48-a3c5d07d51ef','Pending',NULL,'2025-04-15 12:46:32.391982');
INSERT INTO unmatched_calendly_booking VALUES(8,'Luana','luanaandreea6@gmail.com','1 Hour Session','2025-03-28 17:00:00.000000','2e725753-3413-4f1f-a5af-2c1ab250ad78','Pending',NULL,'2025-04-15 12:46:32.391983');
INSERT INTO unmatched_calendly_booking VALUES(9,'Leslie','leslieabensour@hotmail.fr','1 Hour Session 🇬🇧 ','2025-04-01 10:00:00.000000','d1fb7838-7b8c-4823-87d4-5bad634e547d','Pending',NULL,'2025-04-15 12:46:32.391984');
INSERT INTO unmatched_calendly_booking VALUES(10,'Georges Rabbat','georgesrabbat@gmail.com','1 Hour Session 🇬🇧 ','2025-04-08 16:30:00.000000','4e7d1c0f-4e6a-4da5-b80b-faeab90824a1','Pending',NULL,'2025-04-15 12:46:32.391985');
INSERT INTO unmatched_calendly_booking VALUES(11,'Julia Le Gal Dahan','julia.lgd@gmail.com','1 Hour Session 🇬🇧 ','2025-04-09 16:00:00.000000','b3f8c48c-7501-4e27-86f2-9a37eab0038e','Pending',NULL,'2025-04-15 12:46:32.391986');
INSERT INTO unmatched_calendly_booking VALUES(12,'Ricky Marshall','rickymarshall@icloud.com','1 Hour Session 🇬🇧 ','2025-04-15 10:00:00.000000','64f7f7fc-1738-49e1-b4a6-b89a4a67f2d3','Pending',NULL,'2025-04-15 12:46:32.391987');
INSERT INTO unmatched_calendly_booking VALUES(13,'Miguel Angel Quintero Molina ','quinteromolinamiguelangel@gmail.com','Sesión de 1 Hora 🇪🇸 ','2025-04-04 17:00:00.000000','d13523f4-d0d4-471c-9b3a-34c82e4fa09b','Pending',NULL,'2025-04-15 12:46:32.391988');
INSERT INTO unmatched_calendly_booking VALUES(14,'Sergio Ballesteros','s_ballesteros_@hotmail.com','Sesión de 1 Hora 🇪🇸 ','2025-04-17 10:00:00.000000','93ff0cf5-3ace-4394-b3ab-4cacfc9fef14','Pending',NULL,'2025-04-26 08:44:09.413332');
INSERT INTO unmatched_calendly_booking VALUES(15,'Abitbol','cathysobol1@gmail.com','Séance d''1 Heure 🇫🇷 ','2025-04-25 10:00:00.000000','d5898f74-6bb3-485c-8053-1a69cfbea5af','Pending',NULL,'2025-04-26 08:44:09.413338');
INSERT INTO unmatched_calendly_booking VALUES(16,'Jean Marie ','jmcbubu@gmail.com','Sesión de 1 Hora 🇪🇸 ','2025-04-30 16:30:00.000000','b0462a71-8ee4-4d37-a8f7-a5852a948906','Pending',NULL,'2025-04-26 08:44:09.413339');
INSERT INTO unmatched_calendly_booking VALUES(17,'Abitbol','cathysobol1@gmail.com','Séance d''1 Heure 🇫🇷 ','2025-04-25 10:00:00.000000','d5898f74-6bb3-485c-8053-1a69cfbea5af','Pending',NULL,'2025-05-07 23:59:36.831568');
INSERT INTO unmatched_calendly_booking VALUES(18,'Dirk ','dirkvervaet@me.com','Sesión de 1 Hora 🇪🇸 ','2025-05-06 10:00:00.000000','acdc82d2-b178-472a-89c2-3cbe0dc92839','Pending',NULL,'2025-05-07 23:59:36.831577');
INSERT INTO unmatched_calendly_booking VALUES(19,'Emma Hassan','emmaouaks@hotmail.com','1 Hour Session 🇬🇧 ','2025-05-07 16:30:00.000000','d4390c69-4314-42f3-bb61-67306895c02d','Pending',NULL,'2025-05-07 23:59:36.831578');
INSERT INTO unmatched_calendly_booking VALUES(20,'Yohanna ','contact@y-eyes.com','Séance d''1 Heure 🇫🇷 ','2025-05-09 16:00:00.000000','b2618395-0003-478a-aa8b-ac30bf913823','Pending',NULL,'2025-05-07 23:59:36.831580');
CREATE TABLE patient_reports (
	id INTEGER NOT NULL, 
	patient_id INTEGER NOT NULL, 
	content TEXT NOT NULL, 
	generated_date DATETIME, 
	report_type VARCHAR(50), 
	PRIMARY KEY (id), 
	FOREIGN KEY(patient_id) REFERENCES patient (id)
);
INSERT INTO patient_reports VALUES(1,8,replace('# **Physiotherapy Treatment Progress Report**  \n**Patient Name:** Filip De Wilde  \n**Diagnosis:** Left Clavicular Fracture Rehabilitation  \n**Treatment Duration:** 2 months, 3 weeks (21 sessions)  \n**Report Date:** 2025-04-10  \n\n---\n\n## **1. PATIENT OVERVIEW**  \nMr. Filip De Wilde presented with a left clavicular fracture requiring rehabilitation to restore shoulder mobility and function. Initial goals focused on improving **range of motion (ROM)** in **flexion, abduction, external rotation (ER), and internal rotation (IR)** while managing pain and muscle tension.  \n\n---\n\n## **2. CLINICAL ASSESSMENT**  \n\n### **Initial Findings (Session 1 - 2025-01-13)**  \n- **Pain:** Minimal (1/10)  \n- **ROM Limitations:**  \n  - **Flexion:** 75° (AROM), >90° (PROM with resistance)  \n  - **Extension:** 25°  \n  - **External Rotation (ER):** 15°  \n  - **Internal Rotation (IR):** 35°  \n  - **Abduction (ABD):** 90°  \n- **Trigger Points:** Active in pectoral major, trapezius, and infraespinatus.  \n- **Functional Limitations:** Difficulty with overhead movements and ER.  \n\n### **Key Impairments**  \n- **Restricted GH joint mobility** (especially ER and flexion).  \n- **Muscle tightness** (pectoral major, trapezius, infraespinatus).  \n- **Scapular dyskinesia** (reduced scapulohumeral rhythm).  \n\n---\n\n## **3. TREATMENT APPROACH**  \n\n### **Interventions Applied**  \n- **Manual Therapy:**  \n  - Joint mobilizations (AP glides, flexion/ER progressions).  \n  - Soft tissue release (pectoral major, trapezius, infraespinatus).  \n  - Trigger point therapy & massage gun.  \n- **Therapeutic Exercise:**  \n  - Kabat diagonals (PNF patterns).  \n  - Scapular stabilization (push-up plus, serratus activation).  \n  - Progressive resistance training (2–3.5 kg for ER/biceps).  \n- **Modalities:**  \n  - TENS for pain modulation.  \n  - Corticosteroid injection (Session 18) for persistent stiffness.  \n\n### **Progression Over Time**  \n- **Flexion ROM:** 75° → **168°** (near-full recovery).  \n- **ER ROM:** 15° → **75°** (significant improvement).  \n- **Pain:** Fluctuated (1 → **6/10** post-injection, likely due to increased activity).  \n\n---\n\n## **4. PROGRESS EVALUATION**  \n\n### **Key Improvements**  \n- **Functional Gains:**  \n  - Resumed **tennis (3 hours)** with minimal discomfort (Session 8).  \n  - Achieved **weight-bearing exercises** (push-up plus, scapular drills).  \n- **ROM Milestones:**  \n  - Flexion improved by **93°** (75° → 168°).  \n  - ER improved by **60°** (15° → 75°).  \n\n### **Persistent Challenges**  \n- **ER at 90° abduction** remains restricted.  \n- **Pain spikes** (6/10 in Session 21) possibly due to increased loading.  \n\n---\n\n## **5. CURRENT STATUS**  \n- **ROM (Final Session):**  \n  - Flexion: **168°**  \n  - ER: **75°**  \n- **Pain:** **6/10** (localized to posterior shoulder/triceps).  \n- **Self-Management:** Adherent to HEP (2kg resistance, daily circuits).  \n\n---\n\n## **6. RECOMMENDATIONS**  \n\n### **Further Treatment**  \n- **1–2 sessions/week** for ER/IR mobilization and scapular control.  \n- **Dry needling** for persistent trigger points (PVL/QL).  \n\n### **Home Program**  \n- **Strengthening:**  \n  - ER/IR with resistance bands (3 sets × 12 reps).  \n  - Scapular push-up plus (2 sets × 10 reps).  \n- **Flexibility:**  \n  - Pectoral doorway stretches (30 sec hold, 3x/day).  \n  - Sleeper stretch for posterior capsule.  \n\n### **Activity Modification**  \n- **Avoid overhead lifting** until ER >80°.  \n- **Tennis:** Limit to **1–2 hours/session** with pre-match warm-up.  \n\n---\n\n## **7. PROGNOSIS**  \n- **Expected Full Recovery:** **6–8 weeks** with consistent HEP.  \n- **Factors Influencing Recovery:**  \n  - Adherence to scapular stabilization.  \n  - Pain management during loading.  \n- **Long-Term Outlook:** Excellent for return to sport with maintained mobility.  \n\n---  \n\n**Haim Ganancia, Physiotherapist**  \nICPFA 7595 Clinic  \nReport Date: 2025-04-10','\n',char(10)),'2025-04-14 01:32:47.618148','AI Generated');
INSERT INTO patient_reports VALUES(2,5,replace('# PHYSIOTHERAPY TREATMENT PROGRESS REPORT  \n\n## 1. PATIENT OVERVIEW  \nThe patient presents with **bilateral carpal tunnel syndrome (left > right)** and **low-grade osteoarthritis** affecting multiple joints (radiocarpal, triscaphe, and 1st CMC joints). Initial assessment revealed **asymmetrical grip strength** (L:10kg, R:24kg) and muscular tightness in the left tibialis anterior. Over three treatment sessions spanning 2 weeks and 3 days, pain levels remained stable at 1/10, but grip strength declined (L:6kg, R:20kg by Session 2), prompting referral for cervical MRI to rule out radiculopathy.  \n\n---\n\n## 2. CLINICAL ASSESSMENT  \n### **Initial Findings (31/01/2025):**  \n- **Musculoskeletal:**  \n  - Osteoarthritic changes in radiocarpal, triscaphe, and 1st CMC joints (imaging-confirmed)  \n  - Left tibialis anterior and trapezius tightness  \n  - Bilateral forearm trigger points (active)  \n- **Neurological:**  \n  - Median nerve involvement (nerve gliding exercises prescribed)  \n  - Positive Eden & Wright test (left) by Session 3 (suggesting thoracic outlet component)  \n- **Functional:**  \n  - Grip strength deficit (L:10kg vs. R:24kg)  \n\n### **Key Impairments:**  \n- Declining grip strength (unresponsive to initial interventions)  \n- Persistent left tibialis anterior discomfort  \n- Multiple active trigger points (traps, glutes, forearms)  \n\n---\n\n## 3. TREATMENT APPROACH  \n### **Interventions:**  \n1. **Manual Therapy:**  \n   - Soft tissue mobilization (trapezius, glutes, tibialis anterior, epicondylar regions)  \n   - Trigger point release (bilateral forearms, elevators, quadratus lumborum)  \n2. **Neuromuscular Re-education:**  \n   - Median nerve gliding exercises  \n3. **Diagnostic Collaboration:**  \n   - Cervical MRI requested (Session 2) to assess for cervical radiculopathy contributing to grip decline  \n\n### **Progression:**  \n- Focus shifted from isolated wrist OA management to broader neuromuscular assessment due to unexplained strength loss.  \n\n---\n\n## 4. PROGRESS EVALUATION  \n| **Metric**          | **Initial**       | **Current**       | **Change**        |  \n|----------------------|-------------------|-------------------|-------------------|  \n| Pain (VAS)           | 1/10              | 1/10              | Stable            |  \n| Grip Strength (kg)   | L:10, R:24        | L:6, R:20         | Worsened          |  \n| Functional Use       | No restrictions   | No restrictions   | Stable            |  \n\n**Notable Responses:**  \n- Trigger point therapy provided transient relief but did not resolve strength deficits.  \n- Nerve gliding exercises maintained pain stability but did not improve function.  \n\n---\n\n## 5. CURRENT STATUS  \n- **Remaining Impairments:**  \n  - Unexplained grip strength loss (differential: cervical radiculopathy, advanced CTS)  \n  - Left tibialis anterior tightness  \n  - Active trigger points (traps, glutes)  \n- **Self-Management:**  \n  - Independent with nerve glides; requires supervision for strength training.  \n\n---\n\n## 6. RECOMMENDATIONS  \n1. **Further Diagnostics:**  \n   - Await cervical MRI results to guide targeted intervention.  \n2. **Home Program:**  \n   - **Nerve Mobility:** Continue median nerve glides (3x/day).  \n   - **Strength:** Graded grip strengthening (putty exercises) pending MRI findings.  \n   - **Ergonomics:** Wrist splints for nocturnal CTS symptoms.  \n3. **Prevention:**  \n   - Activity pacing to avoid overloading 1st CMC joint.  \n\n---\n\n## 7. PROGNOSIS  \n- **Short-Term:** Guarded pending MRI results. Strength recovery timeline depends on underlying etiology.  \n- **Long-Term:** Osteoarthritis management will require ongoing joint protection strategies.  \n\n---  \n\n**Haim Ganancia, Physiotherapist**  \nICPFA 7595  \nReport Date: 2025-02-17','\n',char(10)),'2025-04-14 21:50:45.927592','AI Generated');
INSERT INTO patient_reports VALUES(4,23,replace('# Physiotherapy Treatment Progress Report  \n\n## **1. PATIENT OVERVIEW**  \nThe patient presents with **medial epicondylitis ("golfer''s elbow")**, characterized by pain at the medial epicondyle and functional deficits in grip strength and forearm pronation/supination. The primary treatment goals were **pain reduction** and **strength improvement** over three sessions spanning 2 weeks and 3 days.  \n\n---  \n\n## **2. CLINICAL ASSESSMENT**  \n### **Initial Findings (Session 1: 2025-03-24)**  \n- **Pain Level**: 1/10 (mild discomfort).  \n- **Strength Measurements**:  \n  - Right grip: 53 (pressure units).  \n  - Left grip: 60 (pressure units).  \n- **Trigger Points**: Active (5/10 intensity) in unspecified forearm flexors.  \n- **Functional Limitations**: None reported, but potential weakness in repetitive gripping tasks.  \n\n### **Key Impairments**  \n- Tenderness at medial epicondyle (worsened to 3/10 by Session 3).  \n- Asymmetric grip strength (right weaker than left).  \n- Active trigger points in flexor carpi ulnaris, biceps brachii, and pronator teres.  \n\n---  \n\n## **3. TREATMENT APPROACH**  \n### **Interventions**  \n1. **Session 1**:  \n   - **Blood Flow Restriction (BFR) training** (250 mmHg) to improve strength without exacerbating pain.  \n   - Trigger point release for active points.  \n\n2. **Session 2**:  \n   - **Manual therapy**: Focused on flexor carpi ulnaris, biceps brachii, and pronator teres.  \n   - **BFR** continued (250 mmHg) with supination exercises (175° target).  \n\n3. **Session 3**:  \n   - **Interferential current therapy** (40 Hz, 29 Hz, 1 Hz, 1:1 ratio for 15 minutes) for pain modulation.  \n   - **Trigger point release**: Biceps brachii and pronator teres.  \n\n### **Progression**  \n- Grip strength fluctuated (right: 53 → 53.3 → 54.7; left: 60 → 55.5 → 48.9), suggesting possible fatigue or technique adjustments.  \n- Pain increased to 3/10 by Session 3, likely due to palpation sensitivity at the medial epicondyle.  \n\n---  \n\n## **4. PROGRESS EVALUATION**  \n- **Pain**: Increased from 1/10 to 3/10 (epicondyle palpation).  \n- **Functional Improvement**:  \n  - Supination range maintained (175°).  \n  - Trigger point intensity unchanged (5/10).  \n- **Modality Response**: Interferential current provided temporary pain relief post-treatment.  \n\n---  \n\n## **5. CURRENT STATUS**  \n- **Remaining Impairments**:  \n  - Persistent medial epicondyle tenderness.  \n  - Asymmetric grip strength (right still weaker).  \n- **Self-Management**: Patient may benefit from education on activity pacing and ergonomic modifications.  \n\n---  \n\n## **6. RECOMMENDATIONS**  \n1. **Further Treatment**:  \n   - Continue BFR and manual therapy for strength balance.  \n   - Ultrasound or laser therapy for epicondyle pain.  \n2. **Home Program**:  \n   - Eccentric wrist flexor strengthening.  \n   - Ice massage for pain control.  \n3. **Activity Modifications**:  \n   - Avoid repetitive gripping/flexion.  \n   - Use ergonomic tools (e.g., padded grips).  \n4. **Prevention**:  \n   - Warm-up forearm flexors before activity.  \n   - Strengthen scapular stabilizers to reduce elbow load.  \n\n---  \n\n## **7. PROGNOSIS**  \n- **Expected Recovery**: 4–6 weeks with consistent treatment.  \n- **Influencing Factors**: Adherence to home exercises, activity modification.  \n- **Long-Term Outlook**: Good if strength imbalances are addressed.  \n\n---  \n\n**Haim Ganancia, Physiotherapist**  \nICPFA 7595  \nReport Date: 2025-04-10','\n',char(10)),'2025-05-01 16:25:14.181866','AI Generated');
INSERT INTO patient_reports VALUES(5,23,replace('### **1. Estiramiento de Flexores de Muñeca**  \n- **Sets & Reps:** 3 sets de 10 repeticiones  \n- **Frecuencia:** Diario  \n- **Tiempo de Sostén:** 5 segundos  \n- **Indicaciones Clave:**  \n  - Extiende el brazo afectado con la palma hacia arriba.  \n  - Usa la mano contraria para estirar suavemente los dedos hacia atrás hasta sentir tensión (sin dolor).  \n\n### **2. Flexión Isométrica de Muñeca**  \n- **Sets & Reps:** 3 sets de 5 repeticiones  \n- **Frecuencia:** 3 veces por semana  \n- **Tiempo de Sostén:** 10 segundos  \n- **Indicaciones Clave:**  \n  - Apoya el antebrazo en una mesa con la palma hacia arriba.  \n  - Presiona la mano contra una superficie fija (como una pared) sin mover la muñeca.  \n\n### **3. Pronación/Supinación con Pesas Ligeras**  \n- **Sets & Reps:** 2 sets de 12 repeticiones (alternando movimientos)  \n- **Frecuencia:** 3 veces por semana  \n- **Indicaciones Clave:**  \n  - Sujeta una pesa ligera (1-2 kg) con el codo doblado a 90°.  \n  - Gira lentamente la palma hacia arriba (supinación) y hacia abajo (pronación).  \n\n### **4. Auto-Masaje con Pelota en Flexores**  \n- **Sets & Reps:** 1 minuto por zona  \n- **Frecuencia:** Diario  \n- **Indicaciones Clave:**  \n  - Rueda una pelota pequeña/firme sobre el antebrazo (zona flexora) con presión moderada.  \n  - Evita huesos o zonas dolorosas agudas.  \n\n### **5. Extensión de Muñeca Excéntrica**  \n- **Sets & Reps:** 3 sets de 8 repeticiones  \n- **Frecuencia:** 3 veces por semana  \n- **Indicaciones Clave:**  \n  - Sujeta una pesa ligera (1 kg) con la palma hacia abajo.  \n  - Levanta la muñeca con ayuda de la otra mano y baja lentamente (control excéntrico).','\n',char(10)),'2025-05-01 16:30:45.392640','Exercise Homework');
CREATE TABLE IF NOT EXISTS "recurring_appointment" (
	id INTEGER NOT NULL, 
	patient_id INTEGER NOT NULL, 
	start_date DATE NOT NULL, 
	end_date DATE, 
	recurrence_type VARCHAR(50) NOT NULL, 
	time_of_day TIME NOT NULL, 
	treatment_type VARCHAR(150) NOT NULL, 
	notes TEXT, 
	location VARCHAR(100), 
	provider VARCHAR(100), 
	fee_charged FLOAT, 
	is_active BOOLEAN NOT NULL, 
	created_at DATETIME, 
	updated_at DATETIME, payment_method VARCHAR(50), 
	PRIMARY KEY (id), 
	FOREIGN KEY(patient_id) REFERENCES patient (id)
);
INSERT INTO recurring_appointment VALUES(1,39,'2025-01-01',NULL,'daily-mon-fri','14:00:00.000000','Standard Session','','Home Visit','',100.0,1,'2025-04-17 09:34:38.379658','2025-04-17 09:46:04.603828',NULL);
CREATE TABLE IF NOT EXISTS "treatment" (
	id INTEGER NOT NULL, 
	patient_id INTEGER NOT NULL, 
	treatment_type VARCHAR(100) NOT NULL, 
	assessment TEXT, 
	notes TEXT, 
	status VARCHAR(50), 
	provider VARCHAR(100), 
	created_at DATETIME, 
	updated_at DATETIME, 
	body_chart_url VARCHAR(255), 
	pain_level INTEGER, 
	movement_restriction VARCHAR(50), 
	evaluation_data JSON, 
	location VARCHAR(100), 
	visit_type VARCHAR(50), 
	fee_charged FLOAT, 
	payment_method VARCHAR(50), calendly_invitee_uri VARCHAR(255), 
	PRIMARY KEY (id), 
	FOREIGN KEY(patient_id) REFERENCES patient (id)
);
INSERT INTO treatment VALUES(3,4,replace(replace('\r\nRotura supraespinoso r en inserción. \r\nFisioterapia pautada para disminuir dolor y aumentar funcionalidad. \r\n\r\nMsj tpz pvd infspns romb. Delt ant. Ps delt ant, tens delt ant. ','\r',char(13)),'\n',char(10)),'','','Completed','','2024-12-02 08:24:56.786235','2025-04-27 11:23:12.007076',NULL,NULL,'none','[{"id": "point-6", "x": 150, "y": 80, "type": "active", "muscle": "", "intensity": 5, "symptoms": "Dolor a la elevaci\u00f3n 60\u00ba", "referral": ""}, {"id": "point-7", "x": 150, "y": 80, "type": "active", "muscle": "", "intensity": 5, "symptoms": "", "referral": ""}]','CostaSpine Clinic',NULL,80.0,NULL,NULL);
INSERT INTO treatment VALUES(4,2,'right trap better but left shoulder still sore, some movements feel blocked, external rotation (storing the car)','','','Completed','','2024-12-02 08:37:40.775165','2025-04-17 08:10:39.682086',NULL,NULL,'none','[{"id": "point-8", "x": 150, "y": 80, "type": "active", "muscle": "", "intensity": 5, "symptoms": "", "referral": ""}, {"id": "point-9", "x": 150, "y": 81.0, "type": "active", "muscle": "", "intensity": 5, "symptoms": "", "referral": ""}, {"id": "point-10", "x": 150, "y": 80, "type": "active", "muscle": "", "intensity": 5, "symptoms": "", "referral": ""}]',NULL,NULL,80.0,'Card',NULL);
INSERT INTO treatment VALUES(5,2,'trap better but left arm still painful staring wheel to the outside and also internal rotation','','','Completed','','2024-12-02 09:28:37.509735','2025-04-17 08:10:41.261009',NULL,NULL,'none','[{"id": "point-11", "x": 150, "y": 80, "type": "active", "muscle": "", "intensity": 5, "symptoms": "", "referral": ""}, {"id": "point-12", "x": 150, "y": 80, "type": "active", "muscle": "", "intensity": 5, "symptoms": "", "referral": ""}, {"id": "point-13", "x": 150, "y": 80, "type": "active", "muscle": "", "intensity": 5, "symptoms": "", "referral": ""}, {"id": "point-14", "x": 150, "y": 80, "type": "active", "muscle": "", "intensity": 5, "symptoms": "", "referral": ""}, {"id": "point-15", "x": 150, "y": 80, "type": "active", "muscle": "", "intensity": 5, "symptoms": "", "referral": ""}]',NULL,NULL,80.0,'Card',NULL);
INSERT INTO treatment VALUES(6,3,'right trap sore, left trap that was needled last session is much better. ','','tpz pad r+, pvl bil','Completed','','2024-12-02 10:44:00.955912','2025-04-27 11:23:15.430355',NULL,NULL,'none','[{"id": "point-16", "x": 150, "y": 80, "type": "active", "muscle": "", "intensity": 5, "symptoms": "", "referral": ""}, {"id": "point-17", "x": 150, "y": 80, "type": "active", "muscle": "", "intensity": 5, "symptoms": "", "referral": ""}, {"id": "point-18", "x": 150, "y": 124.5, "type": "active", "muscle": "", "intensity": 5, "symptoms": "", "referral": ""}, {"id": "point-19", "x": 150, "y": 110.0, "type": "active", "muscle": "", "intensity": 5, "symptoms": "", "referral": ""}, {"id": "point-20", "x": 150, "y": 130.5, "type": "active", "muscle": "", "intensity": 5, "symptoms": "", "referral": ""}, {"id": "point-21", "x": 150, "y": 104.0, "type": "active", "muscle": "", "intensity": 5, "symptoms": "", "referral": ""}]','CostaSpine Clinic',NULL,80.0,NULL,NULL);
INSERT INTO treatment VALUES(7,4,'msj tpz r infra, ang. mov hombro, ejercicios (isoplam, dynamic)','','','Completed','','2024-12-02 11:39:20.395097','2025-04-27 11:23:19.999363',NULL,NULL,'none','[{"id": "point-22", "x": 150, "y": 80, "type": "active", "muscle": "", "intensity": 5, "symptoms": "", "referral": ""}, {"id": "point-23", "x": 150, "y": 80.0, "type": "active", "muscle": "", "intensity": 5, "symptoms": "", "referral": ""}, {"id": "point-24", "x": 150, "y": 80, "type": "active", "muscle": "", "intensity": 5, "symptoms": "", "referral": ""}]','CostaSpine Clinic',NULL,70.0,NULL,NULL);
INSERT INTO treatment VALUES(8,6,replace(replace('Pvl derecho glúteo med. \r\nPvl derecho, glúteo medio derecho, izquierdo +','\r',char(13)),'\n',char(10)),'','','Completed','','2024-12-12 10:40:12.044647','2025-04-27 11:23:21.337366',NULL,NULL,'none','[{"id": "point-25", "x": 150, "y": 135.5, "type": "active", "muscle": "", "intensity": 5, "symptoms": "", "referral": ""}, {"id": "point-26", "x": 150, "y": 147.5, "type": "active", "muscle": "", "intensity": 5, "symptoms": "", "referral": ""}, {"id": "point-27", "x": 150, "y": 122.0, "type": "active", "muscle": "", "intensity": 5, "symptoms": "", "referral": ""}, {"id": "point-28", "x": 150, "y": 89.5, "type": "active", "muscle": "", "intensity": 5, "symptoms": "", "referral": ""}]','CostaSpine Clinic',NULL,80.0,NULL,NULL);
INSERT INTO treatment VALUES(9,6,'pvl very sore (r) where inf trap and pvl high. ','','','Completed','','2024-12-12 18:25:43.172087','2025-04-27 11:23:21.976139',NULL,NULL,'none','[{"id": "point-29", "x": 150, "y": 120.0, "type": "active", "muscle": "", "intensity": 5, "symptoms": "", "referral": ""}, {"id": "point-30", "x": 150, "y": 103.0, "type": "active", "muscle": "", "intensity": 5, "symptoms": "", "referral": ""}]','CostaSpine Clinic',NULL,70.0,NULL,NULL);
INSERT INTO treatment VALUES(10,6,'PVL L+ TPZ R TPZ MED R','','','Completed','','2024-12-27 10:10:35.885932','2025-04-27 11:23:23.579856',NULL,NULL,'none','[{"id": "point-31", "x": 150, "y": 130.5, "type": "active", "muscle": "", "intensity": 5, "symptoms": "", "referral": ""}, {"id": "point-32", "x": 150, "y": 80, "type": "active", "muscle": "", "intensity": 5, "symptoms": "", "referral": ""}, {"id": "point-33", "x": 150, "y": 98.0, "type": "active", "muscle": "", "intensity": 5, "symptoms": "", "referral": ""}]','CostaSpine Clinic',NULL,70.0,NULL,NULL);
INSERT INTO treatment VALUES(11,7,'quad r, dlm mmii r','','','Completed','','2025-01-04 13:37:13.095308','2025-04-27 11:23:24.897908',NULL,NULL,'none','[{"id": "point-34", "x": 150, "y": 191.0, "type": "active", "muscle": "", "intensity": 5, "symptoms": "", "referral": ""}, {"id": "point-35", "x": 150, "y": 220.0, "type": "active", "muscle": "", "intensity": 5, "symptoms": "", "referral": ""}, {"id": "point-36", "x": 150, "y": 268.5, "type": "active", "muscle": "", "intensity": 5, "symptoms": "", "referral": ""}, {"id": "point-37", "x": 150, "y": 270.5, "type": "active", "muscle": "", "intensity": 5, "symptoms": "", "referral": ""}]','CostaSpine Clinic',NULL,80.0,NULL,NULL);
INSERT INTO treatment VALUES(12,8,replace(replace('rotura clavicular left. \r\n(cartílago rodilla derecha +)\r\nMOV FLEX / ROT EXT','\r',char(13)),'\n',char(10)),'',replace(replace('AROM - \r\nflex 75\r\next 25\r\nre 15\r\nri 35\r\nPROM\r\nFLEX OVER 90 W/ active resistance\r\next rot better with AP\r\nABD 90','\r',char(13)),'\n',char(10)),'Completed','','2025-01-13 09:58:24.642905','2025-04-17 00:24:55.344910',NULL,1,'none','[{"id": "point-38", "x": 150, "y": 80, "type": "active", "muscle": "", "intensity": 5, "symptoms": "", "referral": ""}]','CostaSpine Clinic',NULL,80.0,'Card',NULL);
INSERT INTO treatment VALUES(13,9,replace(replace('gastrocnemio izq. pg 1/ 3\r\nps pg 1.\r\nBFR MMII L 140 (80%) PAO 180','\r',char(13)),'\n',char(10)),'',replace(replace('gastrocnemio izq. pg 1/ 3\r\nps pg 1.\r\nBFR MMII L 140 (80%) PAO 180','\r',char(13)),'\n',char(10)),'Completed','','2025-01-13 11:04:42.854193','2025-04-27 11:23:25.970894',NULL,1,'none','[{"id": "point-39", "x": 150, "y": 239.5, "type": "active", "muscle": "", "intensity": 5, "symptoms": "", "referral": ""}]','CostaSpine Clinic',NULL,80.0,NULL,NULL);
INSERT INTO treatment VALUES(14,10,replace(replace('GASTROC L + \r\n','\r',char(13)),'\n',char(10)),'',replace(replace('MSJ GEM BIL (L+), SOL BIL\r\nTENS GEM L','\r',char(13)),'\n',char(10)),'Completed','','2025-01-13 11:59:35.257190','2025-04-27 11:23:26.960793',NULL,1,'none','[{"id": "point-40", "x": 150, "y": 226.0, "type": "active", "muscle": "", "intensity": 5, "symptoms": "", "referral": ""}, {"id": "point-41", "x": 150, "y": 230.0, "type": "active", "muscle": "", "intensity": 5, "symptoms": "", "referral": ""}]','CostaSpine Clinic',NULL,80.0,NULL,NULL);
INSERT INTO treatment VALUES(15,8,replace(replace('prom 101\r\nre limitada. \r\npectoral mayor, trapecio superior, mov ap rotación interna y flexion de hombro. ','\r',char(13)),'\n',char(10)),'','','Completed','','2025-01-20 10:01:14.811676','2025-04-17 00:24:55.344916',NULL,NULL,'none','[{"id": "point-42", "x": 150, "y": 80, "type": "active", "muscle": "", "intensity": 5, "symptoms": "", "referral": ""}]','CostaSpine Clinic',NULL,70.0,'Card',NULL);
INSERT INTO treatment VALUES(16,11,'mucho mejor desde la ultima sesión aunque acabo dolorida a los dos días. ','',replace(replace('60 rotación cervical derecha y 78 izq. \r\nmsj tpz l+\r\npvl l, glut l ','\r',char(13)),'\n',char(10)),'Completed','','2025-01-20 11:15:43.733157','2025-04-17 08:10:15.747838',NULL,NULL,'mild','[{"id": "point-43", "x": 150, "y": 80, "type": "active", "muscle": "", "intensity": 5, "symptoms": "", "referral": ""}, {"id": "point-44", "x": 150, "y": 80, "type": "active", "muscle": "", "intensity": 5, "symptoms": "", "referral": ""}, {"id": "point-45", "x": 150, "y": 121.0, "type": "active", "muscle": "", "intensity": 5, "symptoms": "", "referral": ""}]',NULL,NULL,80.0,'Card',NULL);
INSERT INTO treatment VALUES(17,12,'1 WEEK AGO flexion de rodilla forzada y ahora dolor en isquiotibial right. ','',replace(replace('isquiotibial r, flexion álgida ++ extension dolor. \r\n\r\nmsj quad vasto medial, isquiofemoral (biceps distal)\r\nps isquion distal - mov dinamica post\r\ntens hams. ','\r',char(13)),'\n',char(10)),'Completed','','2025-01-22 11:55:50.495412','2025-04-17 08:11:33.656702',NULL,7,'none','[{"id": "point-46", "x": 150, "y": 172.0, "type": "active", "muscle": "", "intensity": 5, "symptoms": "", "referral": ""}, {"id": "point-47", "x": 150, "y": 184.0, "type": "active", "muscle": "", "intensity": 5, "symptoms": "", "referral": ""}, {"id": "point-48", "x": 150, "y": 192.5, "type": "active", "muscle": "", "intensity": 5, "symptoms": "", "referral": ""}]',NULL,NULL,80.0,'Card',NULL);
INSERT INTO treatment VALUES(18,8,'prom flexion (no warm up 97º)','',replace(replace('diagonales de kabat\r\nmsj pec mayor, rotación externa mov. \r\nmsj infraespinoso, tpz angular ','\r',char(13)),'\n',char(10)),'Completed','','2025-01-23 16:37:58.217763','2025-04-17 00:24:55.344917',NULL,NULL,'none','[{"id": "point-49", "x": 150, "y": 80, "type": "active", "muscle": "", "intensity": 5, "symptoms": "", "referral": ""}, {"id": "point-50", "x": 150, "y": 80, "type": "active", "muscle": "", "intensity": 5, "symptoms": "", "referral": ""}, {"id": "point-51", "x": 150, "y": 80, "type": "active", "muscle": "", "intensity": 5, "symptoms": "", "referral": ""}]','CostaSpine Clinic',NULL,70.0,'Card',NULL);
INSERT INTO treatment VALUES(19,11,'65 º rotación derecha 70 rot izq','',replace(replace('ps tpz bil \r\nmsj tpz bil pvd elevador, romboidal','\r',char(13)),'\n',char(10)),'Completed','','2025-01-23 17:43:29.853125','2025-04-17 08:10:17.970056',NULL,NULL,'none','[{"id": "point-52", "x": 150, "y": 80, "type": "active", "muscle": "", "intensity": 5, "symptoms": "", "referral": ""}, {"id": "point-53", "x": 150, "y": 80, "type": "active", "muscle": "", "intensity": 5, "symptoms": "", "referral": ""}]',NULL,NULL,70.0,'Card',NULL);
INSERT INTO treatment VALUES(20,8,replace(replace('no warm up prom 113,\r\nrom flexion, external rotation 0º (muy limitada), ','\r',char(13)),'\n',char(10)),'',replace(replace('msj tpz l infspns l ps tpz pg 2 infra. \r\ntens tpz\r\nmsj pvl r','\r',char(13)),'\n',char(10)),'Completed','','2025-01-27 10:01:29.926759','2025-04-17 00:24:55.344918',NULL,5,'none','[{"id": "point-54", "x": 150, "y": 80, "type": "active", "muscle": "", "intensity": 5, "symptoms": "", "referral": ""}, {"id": "point-55", "x": 150, "y": 127.0, "type": "active", "muscle": "", "intensity": 5, "symptoms": "", "referral": ""}]','CostaSpine Clinic',NULL,70.0,'Card',NULL);
INSERT INTO treatment VALUES(21,13,'year with clicking on the knee ','',replace(replace('msj quad vasto lateral, tfl, \r\nps vasto lateral\r\nbfr 110 mmHG 75 reps\r\ntens quad vasto lateral.\r\nstretch quad','\r',char(13)),'\n',char(10)),'Completed','','2025-01-27 12:05:16.045537','2025-04-27 11:23:27.969395',NULL,1,'none','[{"id": "point-56", "x": 150, "y": 200.5, "type": "active", "muscle": "", "intensity": 5, "symptoms": "", "referral": ""}]','CostaSpine Clinic',NULL,80.0,NULL,NULL);
INSERT INTO treatment VALUES(22,8,replace(replace('127 no warm up\r\nExternal rot ap','\r',char(13)),'\n',char(10)),'','Msj pectoral mayor. Serrato ant. Tpz. Tpz inf. angular ','Completed','','2025-01-30 16:36:54.333773','2025-04-17 00:24:55.344919',NULL,1,'none','[{"id": "point-57", "x": 150, "y": 80, "type": "active", "muscle": "", "intensity": 5, "symptoms": "", "referral": ""}, {"id": "point-58", "x": 150, "y": 80, "type": "active", "muscle": "", "intensity": 5, "symptoms": "", "referral": ""}]','CostaSpine Clinic',NULL,70.0,'Card',NULL);
INSERT INTO treatment VALUES(23,5,'carpal tunnel syndrome bilateral (l++)low grade osteoarthritis radiocanal distal radioulnar and intercarpal joints intact congruent. carpal bones well aligned. carpal metacarpal and metacarpohalangeal joints intact. low - grade osteoarthritis at radoiocarpal art. as well as trisca-he joint and the 1st cmc joint. grip strength left 10, right 24. tibialis anterior tightness on the left and tpz inf (?) left. ','',replace(replace('trapezio izquierdo, pvd pvl, manguito l. tibial anterior l. glut hamstring right\r\n\r\nI send median nerve gliding exercises','\r',char(13)),'\n',char(10)),'Completed','','2025-01-31 00:00:00.000000','2025-04-17 00:09:51.543029',NULL,1,'none','[{"id": "point-59", "x": 150, "y": 153.5, "type": "active", "muscle": "", "intensity": 5, "symptoms": "", "referral": ""}, {"id": "point-60", "x": 150, "y": 155.0, "type": "active", "muscle": "", "intensity": 5, "symptoms": "", "referral": ""}, {"id": "point-61", "x": 150, "y": 80, "type": "active", "muscle": "", "intensity": 5, "symptoms": "", "referral": ""}, {"id": "point-62", "x": 150, "y": 146.5, "type": "active", "muscle": "", "intensity": 5, "symptoms": "", "referral": ""}, {"id": "point-63", "x": 150, "y": 169.5, "type": "active", "muscle": "", "intensity": 5, "symptoms": "", "referral": ""}]','CostaSpine Clinic','Follow-up',70.0,'Card',NULL);
INSERT INTO treatment VALUES(24,14,'omalgia derecha tras pádel over head shot. dolor a la rotación externa a 0º humeral. ','','msj infraespinoso der, redondo, delt post, danch. biceps r. tens ','Completed','','2025-01-31 16:23:19.289789','2025-04-27 11:23:29.927436',NULL,NULL,'none','[{"id": "point-64", "x": 150, "y": 80, "type": "active", "muscle": "", "intensity": 5, "symptoms": "", "referral": ""}, {"id": "point-65", "x": 150, "y": 80, "type": "active", "muscle": "", "intensity": 5, "symptoms": "", "referral": ""}, {"id": "point-66", "x": 150, "y": 81.0, "type": "active", "muscle": "", "intensity": 5, "symptoms": "", "referral": ""}]','CostaSpine Clinic',NULL,80.0,NULL,NULL);
INSERT INTO treatment VALUES(25,15,'lumbalgia bilateral hasta mmii l++, otalgia right con episodio de luxación en la juventud. le despierta por la noche. ABD activa a 90º. ','','pvl bilateral l++ glut + gluteo medio l+ hamst l+ infraespinoso right trap r','Completed','','2025-01-31 17:40:26.515701','2025-04-17 08:10:06.612934',NULL,NULL,'none','[{"id": "point-67", "x": 150, "y": 80, "type": "active", "muscle": "", "intensity": 5, "symptoms": "", "referral": ""}, {"id": "point-68", "x": 150, "y": 145.0, "type": "active", "muscle": "", "intensity": 5, "symptoms": "", "referral": ""}, {"id": "point-69", "x": 150, "y": 146.5, "type": "active", "muscle": "", "intensity": 5, "symptoms": "", "referral": ""}, {"id": "point-70", "x": 150, "y": 176.5, "type": "active", "muscle": "", "intensity": 5, "symptoms": "", "referral": ""}, {"id": "point-71", "x": 150, "y": 188.5, "type": "active", "muscle": "", "intensity": 5, "symptoms": "", "referral": ""}, {"id": "point-72", "x": 150, "y": 80, "type": "active", "muscle": "", "intensity": 5, "symptoms": "", "referral": ""}, {"id": "point-73", "x": 150, "y": 80, "type": "active", "muscle": "", "intensity": 5, "symptoms": "", "referral": ""}]',NULL,NULL,80.0,'Card',NULL);
INSERT INTO treatment VALUES(26,8,replace(replace('weekend not great with some pain. \r\n100 no warm up. (127 after a couple of times), adduction, rot ext with ap. ','\r',char(13)),'\n',char(10)),'','msj tpz l, infraespinoso l, redondo l, dorsal ancho l. ','Completed','','2025-02-03 09:59:45.673193','2025-04-17 00:24:55.344920',NULL,1,'none','[{"id": "point-74", "x": 150, "y": 80, "type": "active", "muscle": "", "intensity": 5, "symptoms": "", "referral": ""}, {"id": "point-75", "x": 150, "y": 80, "type": "active", "muscle": "", "intensity": 5, "symptoms": "", "referral": ""}, {"id": "point-76", "x": 150, "y": 83.5, "type": "active", "muscle": "", "intensity": 5, "symptoms": "", "referral": ""}, {"id": "point-77", "x": 150, "y": 95.5, "type": "active", "muscle": "", "intensity": 5, "symptoms": "", "referral": ""}]','CostaSpine Clinic',NULL,70.0,'Card',NULL);
INSERT INTO treatment VALUES(27,16,'tendinitis brazo izquierdo, inserción braquial a la supinación ','','msj biceps braquial distal, ps biceps, bfr 70% biceps (133mmhg)','Completed','','2025-02-03 11:05:32.721696','2025-04-27 11:23:33.770014',NULL,1,'none','[{"id": "point-78", "x": 150, "y": 110.0, "type": "active", "muscle": "", "intensity": 5, "symptoms": "", "referral": ""}]','CostaSpine Clinic',NULL,80.0,NULL,NULL);
INSERT INTO treatment VALUES(28,8,'120 no warmup, mobilization flexion shoulder, external rotation, ','','massage superior trap, paraspinal dorsal, anterior delt, subscapularis','Completed','','2025-02-08 17:17:47.014394','2025-04-17 00:24:55.344921',NULL,1,'none','[{"id": "point-79", "x": 150, "y": 80, "type": "active", "muscle": "", "intensity": 5, "symptoms": "", "referral": ""}, {"id": "point-80", "x": 150, "y": 82.5, "type": "active", "muscle": "", "intensity": 5, "symptoms": "", "referral": ""}, {"id": "point-81", "x": 150, "y": 80, "type": "active", "muscle": "", "intensity": 5, "symptoms": "", "referral": ""}, {"id": "point-82", "x": 150, "y": 80, "type": "active", "muscle": "", "intensity": 5, "symptoms": "", "referral": ""}]','CostaSpine Clinic',NULL,70.0,'Card',NULL);
INSERT INTO treatment VALUES(29,8,replace(replace('played tennis yesterday for 3 hours and was very good.\r\n125 no warmup flexion. ','\r',char(13)),'\n',char(10)),'',replace(replace('external rotation mobilization with anterior posterior push on the shoulder. \r\nmsj pectoral subescapular. ','\r',char(13)),'\n',char(10)),'Completed','','2025-02-10 10:00:59.587786','2025-04-17 00:24:55.344922',NULL,1,'none','[{"id": "point-83", "x": 150, "y": 80, "type": "active", "muscle": "", "intensity": 5, "symptoms": "", "referral": ""}, {"id": "point-84", "x": 150, "y": 82.5, "type": "active", "muscle": "", "intensity": 5, "symptoms": "", "referral": ""}]','CostaSpine Clinic',NULL,70.0,'Card',NULL);
INSERT INTO treatment VALUES(30,17,'ayer haciendo sentadilla. pinzamiento a nivel lumbar al hacer la ultima repetición. ','',replace(replace('central tirando a la izquierda. \r\nmsj gluteo mayor/med left. pvl left','\r',char(13)),'\n',char(10)),'Completed','','2025-02-12 11:03:25.653539','2025-04-27 11:23:34.469618',NULL,1,'none','[{"id": "point-85", "x": 150, "y": 125.0, "type": "active", "muscle": "", "intensity": 5, "symptoms": "", "referral": ""}, {"id": "point-86", "x": 150, "y": 143.0, "type": "active", "muscle": "", "intensity": 5, "symptoms": "", "referral": ""}, {"id": "point-87", "x": 150, "y": 140.5, "type": "active", "muscle": "", "intensity": 5, "symptoms": "", "referral": ""}]','CostaSpine Clinic',NULL,80.0,NULL,NULL);
INSERT INTO treatment VALUES(31,5,'lost strength in grip, left 6 right 20. I ask for mri cervical to check for herniated disk. knot on right trap / elev. right glut. left tibialis ant and forearm bil. ','','msj tpz elev right, glut r quad bil, ','Completed','','2025-02-12 00:00:00.000000','2025-04-17 00:09:43.636940',NULL,NULL,'none','[{"id": "point-88", "x": 150, "y": 160.0, "type": "active", "muscle": "", "intensity": 5, "symptoms": "", "referral": ""}, {"id": "point-89", "x": 150, "y": 162.5, "type": "active", "muscle": "", "intensity": 5, "symptoms": "", "referral": ""}, {"id": "point-90", "x": 150, "y": 241.5, "type": "active", "muscle": "", "intensity": 5, "symptoms": "", "referral": ""}, {"id": "point-91", "x": 150, "y": 148.0, "type": "active", "muscle": "", "intensity": 5, "symptoms": "", "referral": ""}, {"id": "point-92", "x": 150, "y": 80, "type": "active", "muscle": "", "intensity": 5, "symptoms": "", "referral": ""}, {"id": "point-93", "x": 150, "y": 182.0, "type": "active", "muscle": "", "intensity": 5, "symptoms": "", "referral": ""}, {"id": "point-94", "x": 150, "y": 184.5, "type": "active", "muscle": "", "intensity": 5, "symptoms": "", "referral": ""}]','CostaSpine Clinic','Follow-up',70.0,'Card',NULL);
INSERT INTO treatment VALUES(32,8,replace(replace('discomfort since last session, it doesn''t feel right near the clavicle \r\n125 no warmup flexion. \r\nexternal rotation 27','\r',char(13)),'\n',char(10)),'',replace(replace('movilización flexion, rotación externa a 0º y a 90º\r\n\r\nmsj pectoral mayor left, tpz sup med inf l, triceps l muy cargado','\r',char(13)),'\n',char(10)),'Completed','','2025-02-13 16:35:57.142113','2025-04-17 00:24:55.344923',NULL,1,'none','[{"id": "point-95", "x": 150, "y": 80, "type": "active", "muscle": "", "intensity": 5, "symptoms": "", "referral": ""}, {"id": "point-96", "x": 150, "y": 91.0, "type": "active", "muscle": "", "intensity": 5, "symptoms": "", "referral": ""}]','CostaSpine Clinic',NULL,70.0,'Card',NULL);
INSERT INTO treatment VALUES(33,8,replace(replace('played tennis yesterday and felt really good. quads a bit sore and shoulder feeling good progress. \r\n120 no warm up flexion\r\n37 external rotation\r\n','\r',char(13)),'\n',char(10)),'',replace(replace('movilización abd y rot ext. kabbat diagonales y masaje pectoral mayor. \r\ntrapecio superior izquierdo, esplenio izq. ','\r',char(13)),'\n',char(10)),'Completed','','2025-02-17 10:01:30.119324','2025-04-17 00:24:55.344924',NULL,1,'none','[{"id": "point-97", "x": 150, "y": 201.5, "type": "active", "muscle": "", "intensity": 5, "symptoms": "", "referral": ""}, {"id": "point-98", "x": 150, "y": 206.0, "type": "active", "muscle": "", "intensity": 5, "symptoms": "", "referral": ""}, {"id": "point-99", "x": 150, "y": 80, "type": "active", "muscle": "", "intensity": 5, "symptoms": "", "referral": ""}, {"id": "point-100", "x": 150, "y": 80, "type": "active", "muscle": "", "intensity": 5, "symptoms": "", "referral": ""}, {"id": "point-101", "x": 150, "y": 85.0, "type": "active", "muscle": "", "intensity": 5, "symptoms": "", "referral": ""}]','CostaSpine Clinic',NULL,70.0,'Card',NULL);
INSERT INTO treatment VALUES(34,18,'rodilla menisco externo derecho trato cuádriceps vasto medial aductor gluteo izq','','','Completed','','2025-02-17 11:09:25.159536','2025-04-27 19:12:30.912640',NULL,1,'none','[{"id": "point-102", "x": 150, "y": 216.0, "type": "active", "muscle": "", "intensity": 5, "symptoms": "", "referral": ""}, {"id": "point-103", "x": 150, "y": 145.5, "type": "active", "muscle": "", "intensity": 5, "symptoms": "", "referral": ""}]','CostaSpine Clinic',NULL,80.0,NULL,NULL);
INSERT INTO treatment VALUES(35,5,'no mejora en fuerza bilateral. tibial anterior izq sigue molestando. ','','eden y wright positivo izq. msj epicondileos y epitrocleares bil. tpz inf r','Completed','','2025-02-17 00:00:00.000000','2025-04-17 00:09:29.135109',NULL,1,'none','[{"id": "point-104", "x": 150, "y": 157.5, "type": "active", "muscle": "", "intensity": 5, "symptoms": "", "referral": ""}, {"id": "point-105", "x": 150, "y": 155.5, "type": "active", "muscle": "", "intensity": 5, "symptoms": "", "referral": ""}, {"id": "point-106", "x": 150, "y": 80, "type": "active", "muscle": "", "intensity": 5, "symptoms": "", "referral": ""}, {"id": "point-107", "x": 150, "y": 265.5, "type": "active", "muscle": "", "intensity": 5, "symptoms": "", "referral": ""}]','CostaSpine Clinic','Follow-up',70.0,'Card',NULL);
INSERT INTO treatment VALUES(36,19,'msj delt ant l ps delt ant. msj infra bil (l+)','','','Completed','','2025-02-17 16:08:39.715493','2025-04-17 08:09:45.329239',NULL,NULL,'none','[{"id": "point-108", "x": 150, "y": 80, "type": "active", "muscle": "", "intensity": 5, "symptoms": "", "referral": ""}]',NULL,NULL,80.0,'Card',NULL);
INSERT INTO treatment VALUES(37,8,'muerte hermano ayer. no pudo hacer ejercicios. 119 no warm up. external rotation 40. ','',replace(replace('movilización glenohumeral flexion, rotación externa, abd. \r\nmsj tpz sup, PVD l, infraexpinoso, supra (l), PVC. ','\r',char(13)),'\n',char(10)),'Completed','','2025-02-21 10:08:30.440436','2025-04-17 00:24:55.344925',NULL,1,'none','[{"id": "point-109", "x": 150, "y": 80, "type": "active", "muscle": "", "intensity": 5, "symptoms": "", "referral": ""}, {"id": "point-110", "x": 150, "y": 80, "type": "active", "muscle": "", "intensity": 5, "symptoms": "", "referral": ""}, {"id": "point-111", "x": 150, "y": 80, "type": "active", "muscle": "", "intensity": 5, "symptoms": "", "referral": ""}, {"id": "point-112", "x": 150, "y": 81.5, "type": "active", "muscle": "", "intensity": 5, "symptoms": "", "referral": ""}]','CostaSpine Clinic',NULL,70.0,'Card',NULL);
INSERT INTO treatment VALUES(38,8,replace(replace('127 no warm up flexion. \r\n53 external rotation. ','\r',char(13)),'\n',char(10)),'','','Completed','','2025-03-03 11:10:12.271825','2025-04-17 00:24:55.344926',NULL,NULL,'none','[{"id": "point-113", "x": 150, "y": 80, "type": "active", "muscle": "", "intensity": 5, "symptoms": "", "referral": ""}]','CostaSpine Clinic',NULL,70.0,'Card',NULL);
INSERT INTO treatment VALUES(39,20,'epitrocleitis bil r(+)','','msj epitrocl r, ultra sound, bfr','Completed','','2025-03-03 22:14:38.150507','2025-04-17 08:09:41.724538',NULL,NULL,'none','[{"id": "point-114", "x": 150, "y": 116.5, "type": "active", "muscle": "", "intensity": 5, "symptoms": "", "referral": ""}, {"id": "point-115", "x": 150, "y": 115.0, "type": "active", "muscle": "", "intensity": 5, "symptoms": "", "referral": ""}]',NULL,NULL,80.0,'Card',NULL);
INSERT INTO treatment VALUES(40,8,replace(replace('145 flexion no warm up\r\n55 rotación externa. ','\r',char(13)),'\n',char(10)),'',replace(replace('mov flex (muy bien) y abd. \r\nmsj danch, redondos, \r\ndiagonales kabat','\r',char(13)),'\n',char(10)),'Completed','','2025-03-10 10:59:05.913429','2025-04-17 00:24:55.344927',NULL,1,'none','[{"id": "point-116", "x": 150, "y": 80, "type": "active", "muscle": "", "intensity": 5, "symptoms": "", "referral": ""}, {"id": "point-117", "x": 150, "y": 91.0, "type": "active", "muscle": "", "intensity": 5, "symptoms": "", "referral": ""}]','CostaSpine Clinic',NULL,70.0,'Card',NULL);
INSERT INTO treatment VALUES(41,19,'Pain doing bench press deltoid','','ps deltoid ant r. msj quad l. perdida de fuerza en cubital r','Completed','','2025-03-10 12:06:49.381589','2025-04-17 08:09:43.442080',NULL,1,'none','[{"id": "point-118", "x": 150, "y": 162.5, "type": "active", "muscle": "", "intensity": 5, "symptoms": "", "referral": ""}, {"id": "point-119", "x": 150, "y": 106.5, "type": "active", "muscle": "", "intensity": 5, "symptoms": "", "referral": ""}, {"id": "point-120", "x": 150, "y": 80, "type": "active", "muscle": "", "intensity": 5, "symptoms": "", "referral": ""}, {"id": "point-121", "x": 150, "y": 182.0, "type": "active", "muscle": "", "intensity": 5, "symptoms": "", "referral": ""}]',NULL,NULL,70.0,'Card',NULL);
INSERT INTO treatment VALUES(42,8,'135 no warm up flexion. 55 external rotation. ','','mov rot ext/int flexion . msj danch, pvd, infspns. tens danch. ','Completed','','2025-03-13 16:39:25.065265','2025-04-17 00:24:55.344928',NULL,NULL,'none','[{"id": "point-122", "x": 150, "y": 89.5, "type": "active", "muscle": "", "intensity": 5, "symptoms": "", "referral": ""}, {"id": "point-123", "x": 150, "y": 80, "type": "active", "muscle": "", "intensity": 5, "symptoms": "", "referral": ""}]','CostaSpine Clinic',NULL,70.0,'Card',NULL);
INSERT INTO treatment VALUES(43,8,'145 but warmed up in the morning. external rotation 62. ','',replace(replace('mov abd and flexion transition. flexion and external rotation. descencion of scapula. \r\nmsj tpz infraespinoso, pvd, subscapularis, serratus, triceps. \r\nmasaje gun ','\r',char(13)),'\n',char(10)),'Completed','','2025-03-17 11:09:09.077469','2025-04-17 00:24:55.344929',NULL,NULL,'none','[{"id": "point-124", "x": 150, "y": 80, "type": "active", "muscle": "", "intensity": 5, "symptoms": "", "referral": ""}, {"id": "point-125", "x": 150, "y": 84.0, "type": "active", "muscle": "", "intensity": 5, "symptoms": "", "referral": ""}, {"id": "point-126", "x": 150, "y": 101.0, "type": "active", "muscle": "", "intensity": 5, "symptoms": "", "referral": ""}, {"id": "point-127", "x": 150, "y": 99.5, "type": "active", "muscle": "", "intensity": 5, "symptoms": "", "referral": ""}]','CostaSpine Clinic',NULL,70.0,'Card',NULL);
INSERT INTO treatment VALUES(44,8,replace(replace('141 no warm up. \r\nps delt lat. ','\r',char(13)),'\n',char(10)),'','mov ant abd. ','Completed','','2025-03-20 16:32:14.561730','2025-04-17 00:24:55.344930',NULL,1,'none','[{"id": "point-128", "x": 150, "y": 80, "type": "active", "muscle": "", "intensity": 5, "symptoms": "", "referral": ""}, {"id": "point-129", "x": 150, "y": 81.5, "type": "active", "muscle": "", "intensity": 5, "symptoms": "", "referral": ""}]','CostaSpine Clinic',NULL,70.0,'Card',NULL);
INSERT INTO treatment VALUES(45,21,'vertebrae spur l4 l5 post surgery (21st October). left soleus from excessive work through walking','','pvl glut med, gastroc l, recomiendo cat-cow','Completed','','2025-03-20 17:42:25.748575','2025-04-17 08:10:03.385959',NULL,1,'none','[{"id": "point-130", "x": 150, "y": 234.0, "type": "active", "muscle": "", "intensity": 5, "symptoms": "", "referral": ""}, {"id": "point-131", "x": 150, "y": 125.0, "type": "active", "muscle": "", "intensity": 5, "symptoms": "", "referral": ""}]',NULL,NULL,80.0,'Card',NULL);
INSERT INTO treatment VALUES(46,22,'descarga pvl. biceps izquierdo dolor a la flexion que irradia a braquiorradial. ','',replace(replace('msj pvl biceps braqiuorradial l \r\n','\r',char(13)),'\n',char(10)),'Completed','','2025-03-24 00:00:00.000000','2025-04-17 00:26:20.997752',NULL,1,'none','[{"id": "point-1", "x": 48.73294448852539, "y": 143.46978759765625, "type": "active", "intensity": "", "muscle": "", "symptoms": "", "referral": ""}]','CostaSpine Clinic','',80.0,'Card',NULL);
INSERT INTO treatment VALUES(47,23,'codo de golfista r fuerza presión r 53 l 60','','bfr 250 pao ','Completed','','2025-03-24 00:00:00.000000','2025-05-01 14:22:17.899308',NULL,1,'none','[{"id": "point-135", "x": 150, "y": 113.0, "type": "active", "muscle": "", "intensity": 5, "symptoms": "", "referral": ""}]','CostaSpine Clinic','Follow-up',70.0,'Cash',NULL);
INSERT INTO treatment VALUES(48,8,replace(replace('155 (with warm up)\r\n60 external rotation. ','\r',char(13)),'\n',char(10)),'','msj tpz infraespinoso, serratus, triceps ','Completed','','2025-03-24 12:17:19.856415','2025-04-17 00:24:55.344931',NULL,1,'none','[{"id": "point-136", "x": 150, "y": 80, "type": "active", "muscle": "", "intensity": 5, "symptoms": "", "referral": ""}, {"id": "point-137", "x": 150, "y": 80, "type": "active", "muscle": "", "intensity": 5, "symptoms": "", "referral": ""}]','CostaSpine Clinic',NULL,70.0,'Card',NULL);
INSERT INTO treatment VALUES(49,21,'right glute aching since last week','','pvl glut med r','Completed','','2025-03-27 11:13:42.509759','2025-04-17 08:10:01.695567',NULL,1,'none','[{"id": "point-138", "x": 150, "y": 145.5, "type": "active", "muscle": "", "intensity": 5, "symptoms": "", "referral": ""}]',NULL,NULL,70.0,'Card',NULL);
INSERT INTO treatment VALUES(50,16,'biceps distal left','','msj biceps ','Completed','','2025-03-27 12:16:53.797146','2025-04-13 23:27:54.466229',NULL,1,'none','[{"id": "point-139", "x": 150, "y": 93.5, "type": "active", "muscle": "", "intensity": 5, "symptoms": "", "referral": ""}]',NULL,NULL,70.0,NULL,NULL);
INSERT INTO treatment VALUES(51,19,'right shoulder hurt when bench press','','delt anr r, ps delt ant. tibialis post. ','Completed','','2025-03-27 16:32:32.216530','2025-04-17 08:09:58.508089',NULL,1,'none','[{"id": "point-140", "x": 150, "y": 80, "type": "active", "muscle": "", "intensity": 5, "symptoms": "", "referral": ""}, {"id": "point-141", "x": 150, "y": 235.5, "type": "active", "muscle": "", "intensity": 5, "symptoms": "", "referral": ""}]',NULL,NULL,70.0,'Card',NULL);
INSERT INTO treatment VALUES(52,19,'right shoulder hurt when bench press','','delt anr r, ps delt ant. tibialis post. ','Completed','','2025-03-27 16:32:32.259730','2025-04-17 08:09:56.713952',NULL,1,'none','[{"id": "point-142", "x": 150, "y": 80, "type": "active", "muscle": "", "intensity": 5, "symptoms": "", "referral": ""}, {"id": "point-143", "x": 150, "y": 235.5, "type": "active", "muscle": "", "intensity": 5, "symptoms": "", "referral": ""}]',NULL,NULL,70.0,'Card',NULL);
INSERT INTO treatment VALUES(53,13,'left knee crepitus, tight pvd pvl l+ tpz r+','','','Completed','','2025-03-27 18:11:32.412153','2025-04-17 08:09:36.778653',NULL,1,'none','[{"id": "point-144", "x": 150, "y": 205.5, "type": "active", "muscle": "", "intensity": 5, "symptoms": "", "referral": ""}, {"id": "point-145", "x": 150, "y": 80, "type": "active", "muscle": "", "intensity": 5, "symptoms": "", "referral": ""}, {"id": "point-146", "x": 150, "y": 127.0, "type": "active", "muscle": "", "intensity": 5, "symptoms": "", "referral": ""}]',NULL,NULL,70.0,'Card',NULL);
INSERT INTO treatment VALUES(54,8,'visited the surgeon. corticoid steroid injection on shoulder. he was able to turn last night. ','',replace(replace('exercises where sent, internal / external rotation, biceps / triceps, push up plus, weight bearing on shoulder (alternating hand to oposite shoulder)\r\n\r\nwarm up this morning - flexion 160 and external rotation 60. msj tpz pvd infraespinoso, redondo menor, serrato anterior.','\r',char(13)),'\n',char(10)),'Completed','','2025-03-31 09:59:43.380668','2025-04-17 00:24:55.344932',NULL,3,'none','[{"id": "point-147", "x": 150, "y": 80, "type": "active", "muscle": "", "intensity": 5, "symptoms": "", "referral": ""}]','CostaSpine Clinic',NULL,70.0,'Card',NULL);
INSERT INTO treatment VALUES(55,23,'left : 55.5 right, 53.3 bfr pao 250  (175 supinacion )','','msj flexor cubital carpo, biceps braquial, pronador redondo, ps flexor cubital. ','Completed','','2025-03-31 00:00:00.000000','2025-05-01 14:22:05.003587',NULL,1,'none','[{"id": "point-148", "x": 150, "y": 115.5, "type": "active", "muscle": "", "intensity": 5, "symptoms": "", "referral": ""}]','CostaSpine Clinic','Follow-up',70.0,'Cash',NULL);
INSERT INTO treatment VALUES(56,8,replace(replace('150 flexion 70 external rotation.\r\nmovilización rotación externa a 90º','\r',char(13)),'\n',char(10)),'','','Completed','','2025-04-03 15:32:51.254014','2025-04-17 00:24:55.344933',NULL,1,'none','[{"id": "point-149", "x": 150, "y": 80, "type": "active", "muscle": "", "intensity": 5, "symptoms": "", "referral": ""}]','CostaSpine Clinic',NULL,70.0,'Card',NULL);
INSERT INTO treatment VALUES(57,21,'left tpz pvc . no ibuprofen por problemas de riñón ahora toma paracetamol ','','msj tpz izq, pvl bil ','Completed','','2025-04-03 17:00:11.146258','2025-04-17 08:09:25.939499',NULL,1,'none','[{"id": "point-150", "x": 150, "y": 80, "type": "active", "muscle": "", "intensity": 5, "symptoms": "", "referral": ""}, {"id": "point-151", "x": 150, "y": 80, "type": "active", "muscle": "", "intensity": 5, "symptoms": "", "referral": ""}, {"id": "point-152", "x": 150, "y": 130.0, "type": "active", "muscle": "", "intensity": 5, "symptoms": "", "referral": ""}]',NULL,NULL,70.0,'Card',NULL);
INSERT INTO treatment VALUES(58,8,'flexion 165 er 76. he''s been doing everyday the exercises with 2kg in 2 cicles (7 exercises). ','',replace(replace('circonduccion del hombro de 180 a 90 con rotación externa. \r\n','\r',char(13)),'\n',char(10)),'Completed','','2025-04-07 09:06:42.286852','2025-04-17 00:24:55.344934',NULL,4,'none','[{"id": "point-153", "x": 150, "y": 80, "type": "active", "muscle": "", "intensity": 5, "symptoms": "", "referral": ""}, {"id": "point-154", "x": 150, "y": 85.0, "type": "active", "muscle": "", "intensity": 5, "symptoms": "", "referral": ""}]','CostaSpine Clinic',NULL,70.0,'Card',NULL);
INSERT INTO treatment VALUES(59,25,replace(replace('bifásica asimetrica 200ms 5 hz 6 min. \r\ndolor a la abducción sentada (mariposa)','\r',char(13)),'\n',char(10)),'','msj oblicuo externo left, ql l, quad l, glut med /may l ','Completed','','2025-04-07 11:07:46.598016','2025-04-17 08:09:23.598448',NULL,7,'none','[{"id": "point-155", "x": 150, "y": 130.0, "type": "active", "muscle": "", "intensity": 5, "symptoms": "", "referral": ""}, {"id": "point-156", "x": 150, "y": 143.5, "type": "active", "muscle": "", "intensity": 5, "symptoms": "", "referral": ""}, {"id": "point-157", "x": 150, "y": 135.0, "type": "active", "muscle": "", "intensity": 5, "symptoms": "", "referral": ""}, {"id": "point-158", "x": 150, "y": 131.0, "type": "active", "muscle": "", "intensity": 5, "symptoms": "", "referral": ""}, {"id": "point-159", "x": 150, "y": 149.5, "type": "active", "muscle": "", "intensity": 5, "symptoms": "", "referral": ""}, {"id": "point-160", "x": 150, "y": 154.0, "type": "active", "muscle": "", "intensity": 5, "symptoms": "", "referral": ""}]',NULL,NULL,80.0,'Card',NULL);
INSERT INTO treatment VALUES(60,23,'right 54.7 left 48.9pain epitroclea a la palpation. msj biceps epictrocleares. ps biceps braquiaol. msj pronador redondo. la primera sesión Eva 7, la siguiente 5.y ahora 3','','interferenciales 40 hz 29 hz 1 hz 1:1 15 minutos. ','Completed','','2025-04-10 00:00:00.000000','2025-05-01 14:21:53.825974',NULL,3,'none','[{"id": "point-161", "x": 150, "y": 109.5, "type": "active", "muscle": "", "intensity": 5, "symptoms": "", "referral": ""}, {"id": "point-162", "x": 150, "y": 99.5, "type": "active", "muscle": "", "intensity": 5, "symptoms": "", "referral": ""}]','CostaSpine Clinic','Follow-up',70.0,'Cash',NULL);
INSERT INTO treatment VALUES(61,8,'3.5 kg en biceps, push up plus, 2 kilos on external rotation 168 flexion. 75 er','',replace(replace('movilidad fleixion hombro y rotación externa a 90º. msj tpz l pvd infraespinoso, triceps . \r\ntiene un fuerte punto de dolor en pvl ql left a la palpación . ','\r',char(13)),'\n',char(10)),'Completed','','2025-04-10 00:00:00.000000','2025-04-17 00:04:41.079564',NULL,6,'none','[{"id": "point-1", "x": 8.50880241394043, "y": 97.2040023803711, "type": "active", "intensity": "", "muscle": "", "symptoms": "", "referral": ""}]','CostaSpine Clinic','Follow-up',70.0,'Card',NULL);
INSERT INTO treatment VALUES(62,26,'Physiotherapy session',NULL,'Booked via Calendly. Duration: 60 minutes.','Completed',NULL,'2025-03-18 17:00:00.000000','2025-04-27 10:27:59.776661',NULL,NULL,NULL,NULL,NULL,NULL,50.0,'Cash',NULL);
INSERT INTO treatment VALUES(63,27,'Physiotherapy session',NULL,'Booked via Calendly. Duration: 60 minutes.','Completed',NULL,'2025-03-19 15:30:00.000000','2025-04-27 11:23:46.806063',NULL,NULL,NULL,NULL,'Home Visit',NULL,NULL,NULL,NULL);
INSERT INTO treatment VALUES(64,28,'Physiotherapy session',NULL,'Booked via Calendly. Duration: 60 minutes.','Completed',NULL,'2025-03-19 11:00:00.000000','2025-04-27 11:23:38.995466',NULL,NULL,NULL,NULL,'Home Visit',NULL,NULL,NULL,NULL);
INSERT INTO treatment VALUES(65,29,'Physiotherapy session',NULL,'Booked via Calendly. Duration: 60 minutes.','Completed',NULL,'2025-03-25 11:00:00.000000','2025-04-27 11:23:49.835360',NULL,NULL,NULL,NULL,'Home Visit',NULL,NULL,NULL,NULL);
INSERT INTO treatment VALUES(66,29,'Physiotherapy session',NULL,'Booked via Calendly. Duration: 60 minutes.','Completed',NULL,'2025-04-01 17:00:00.000000','2025-04-18 20:43:02.905194',NULL,NULL,NULL,NULL,NULL,NULL,140.0,'Card',NULL);
INSERT INTO treatment VALUES(67,30,'Physiotherapy session',NULL,'Booked via Calendly. Duration: 60 minutes.','Completed',NULL,'2025-03-26 15:30:00.000000','2025-04-27 11:23:53.360808',NULL,NULL,NULL,NULL,'Home Visit',NULL,NULL,NULL,NULL);
INSERT INTO treatment VALUES(68,31,'Physiotherapy session',NULL,'Booked via Calendly. Duration: 60 minutes.','Completed',NULL,'2025-03-25 17:00:00.000000','2025-04-27 11:23:51.158358',NULL,NULL,NULL,NULL,'Home Visit',NULL,NULL,NULL,NULL);
INSERT INTO treatment VALUES(69,32,'Physiotherapy session',NULL,'Booked via Calendly. Duration: 60 minutes.','Completed',NULL,'2025-03-28 11:00:00.000000','2025-04-15 12:46:38.509913',NULL,NULL,NULL,NULL,NULL,NULL,NULL,NULL,NULL);
INSERT INTO treatment VALUES(70,33,'1 Hour Session',NULL,replace(replace('Tiene mucho estrés a nivel general en la espalda mucha tensión a nivel cervical y dorsal. Y lumbar y zona glútea. También tiene bastante estrés psicológico porque su perrito está enfermo.\r\n\r\n','\r',char(13)),'\n',char(10)),'Completed',NULL,'2025-03-28 00:00:00.000000','2025-04-17 13:53:53.650586',NULL,NULL,NULL,'[]','Home Visit','',80.0,'Cash',NULL);
INSERT INTO treatment VALUES(71,34,'1 Hour Session 🇬🇧 ',NULL,'Booked via Calendly. Duration: 60 minutes.','Completed',NULL,'2025-04-01 10:00:00.000000','2025-04-15 12:46:38.509914',NULL,NULL,NULL,NULL,NULL,NULL,NULL,NULL,NULL);
INSERT INTO treatment VALUES(72,34,'1 Hour Session 🇬🇧 ',NULL,'Booked via Calendly. Duration: 60 minutes.','Completed',NULL,'2025-04-02 10:00:00.000000','2025-04-15 12:46:38.509915',NULL,NULL,NULL,NULL,NULL,NULL,NULL,NULL,NULL);
INSERT INTO treatment VALUES(73,35,'1 Hour Session 🇬🇧 ',NULL,'Booked via Calendly. Duration: 60 minutes.','Completed',NULL,'2025-04-08 16:30:00.000000','2025-04-15 12:46:38.509915',NULL,NULL,NULL,NULL,NULL,NULL,NULL,NULL,NULL);
INSERT INTO treatment VALUES(74,36,'1 Hour Session 🇬🇧 ',NULL,'Booked via Calendly. Duration: 60 minutes.','Completed',NULL,'2025-04-09 16:00:00.000000','2025-04-15 12:46:38.509916',NULL,NULL,NULL,NULL,NULL,NULL,NULL,NULL,NULL);
INSERT INTO treatment VALUES(75,36,'1 Hour Session 🇬🇧 ',NULL,'Booked via Calendly. Duration: 60 minutes.','Completed',NULL,'2025-04-16 16:00:00.000000','2025-04-16 22:40:24.046034',NULL,NULL,NULL,NULL,NULL,NULL,NULL,NULL,NULL);
INSERT INTO treatment VALUES(76,37,'1 Hour Session 🇬🇧 ',NULL,'Booked via Calendly. Duration: 60 minutes.','Completed',NULL,'2025-04-15 10:00:00.000000','2025-04-18 20:41:48.564931',NULL,NULL,NULL,NULL,'Home Visit',NULL,70.0,'Cash',NULL);
INSERT INTO treatment VALUES(77,37,'1 Hour Session 🇬🇧 ',NULL,'Booked via Calendly. Duration: 60 minutes.','Completed',NULL,'2025-04-18 10:00:00.000000','2025-04-18 20:41:48.564938',NULL,NULL,NULL,NULL,'Home Visit',NULL,70.0,'Cash',NULL);
INSERT INTO treatment VALUES(78,37,'1 Hour Session 🇬🇧 ',NULL,'Booked via Calendly. Duration: 60 minutes.','Completed',NULL,'2025-04-29 10:00:00.000000','2025-04-30 15:00:46.401555',NULL,NULL,NULL,NULL,NULL,NULL,NULL,NULL,NULL);
INSERT INTO treatment VALUES(79,25,'1 Hour Session 🇬🇧 ',NULL,'Booked via Calendly. Duration: 60 minutes.','Completed',NULL,'2025-04-11 17:00:00.000000','2025-04-15 12:46:38.509916',NULL,NULL,NULL,NULL,NULL,NULL,NULL,NULL,NULL);
INSERT INTO treatment VALUES(80,36,'Séance de 2 Heures 🇫🇷 ',NULL,'Booked via Calendly. Duration: 120 minutes.','Completed',NULL,'2025-04-22 16:00:00.000000','2025-04-23 22:11:30.242809',NULL,NULL,NULL,NULL,NULL,NULL,NULL,NULL,NULL);
INSERT INTO treatment VALUES(81,38,'Sesión de 1 Hora 🇪🇸 ',NULL,'Booked via Calendly. Duration: 60 minutes.','Completed',NULL,'2025-04-04 17:00:00.000000','2025-04-15 12:46:38.509917',NULL,NULL,NULL,NULL,NULL,NULL,NULL,NULL,NULL);
INSERT INTO treatment VALUES(82,39,'Standard Session',NULL,'','Completed','','2025-01-01 14:00:00.000000','2025-04-17 14:38:15.057895',NULL,NULL,NULL,NULL,'Home Visit',NULL,100.0,'Card',NULL);
INSERT INTO treatment VALUES(83,39,'Standard Session',NULL,'','Completed','','2025-01-02 14:00:00.000000','2025-04-17 14:38:15.065093',NULL,NULL,NULL,NULL,'Home Visit',NULL,100.0,'Card',NULL);
INSERT INTO treatment VALUES(84,39,'Standard Session',NULL,'','Completed','','2025-01-03 14:00:00.000000','2025-04-17 14:38:15.068440',NULL,NULL,NULL,NULL,'Home Visit',NULL,100.0,'Card',NULL);
INSERT INTO treatment VALUES(85,39,'Standard Session',NULL,'','Completed','','2025-01-06 14:00:00.000000','2025-04-17 14:38:15.070400',NULL,NULL,NULL,NULL,'Home Visit',NULL,100.0,'Card',NULL);
INSERT INTO treatment VALUES(86,39,'Standard Session',NULL,'','Completed','','2025-01-07 14:00:00.000000','2025-04-17 14:38:15.071929',NULL,NULL,NULL,NULL,'Home Visit',NULL,100.0,'Card',NULL);
INSERT INTO treatment VALUES(87,39,'Standard Session',NULL,'','Completed','','2025-01-08 14:00:00.000000','2025-04-17 14:38:15.073344',NULL,NULL,NULL,NULL,'Home Visit',NULL,100.0,'Card',NULL);
INSERT INTO treatment VALUES(88,39,'Standard Session',NULL,'','Completed','','2025-01-09 14:00:00.000000','2025-04-17 14:38:15.074931',NULL,NULL,NULL,NULL,'Home Visit',NULL,100.0,'Card',NULL);
INSERT INTO treatment VALUES(89,39,'Standard Session',NULL,'','Completed','','2025-01-10 14:00:00.000000','2025-04-17 14:38:15.076891',NULL,NULL,NULL,NULL,'Home Visit',NULL,100.0,'Card',NULL);
INSERT INTO treatment VALUES(90,39,'Standard Session',NULL,'','Completed','','2025-01-13 14:00:00.000000','2025-04-17 14:38:15.079384',NULL,NULL,NULL,NULL,'Home Visit',NULL,100.0,'Card',NULL);
INSERT INTO treatment VALUES(91,39,'Standard Session',NULL,'','Completed','','2025-01-14 14:00:00.000000','2025-04-17 14:38:15.081599',NULL,NULL,NULL,NULL,'Home Visit',NULL,100.0,'Card',NULL);
INSERT INTO treatment VALUES(92,39,'Standard Session',NULL,'','Completed','','2025-01-15 14:00:00.000000','2025-04-17 14:38:15.084121',NULL,NULL,NULL,NULL,'Home Visit',NULL,100.0,'Card',NULL);
INSERT INTO treatment VALUES(93,39,'Standard Session',NULL,'','Completed','','2025-01-16 14:00:00.000000','2025-04-17 14:38:15.087102',NULL,NULL,NULL,NULL,'Home Visit',NULL,100.0,'Card',NULL);
INSERT INTO treatment VALUES(94,39,'Standard Session',NULL,'','Completed','','2025-01-17 14:00:00.000000','2025-04-17 14:38:15.089068',NULL,NULL,NULL,NULL,'Home Visit',NULL,100.0,'Card',NULL);
INSERT INTO treatment VALUES(95,39,'Standard Session',NULL,'','Completed','','2025-01-20 14:00:00.000000','2025-04-17 14:38:15.090547',NULL,NULL,NULL,NULL,'Home Visit',NULL,100.0,'Card',NULL);
INSERT INTO treatment VALUES(96,39,'Standard Session',NULL,'','Completed','','2025-01-21 14:00:00.000000','2025-04-17 14:38:15.091933',NULL,NULL,NULL,NULL,'Home Visit',NULL,100.0,'Card',NULL);
INSERT INTO treatment VALUES(97,39,'Standard Session',NULL,'','Completed','','2025-01-22 14:00:00.000000','2025-04-17 14:38:15.093402',NULL,NULL,NULL,NULL,'Home Visit',NULL,100.0,'Card',NULL);
INSERT INTO treatment VALUES(98,39,'Standard Session',NULL,'','Completed','','2025-01-23 14:00:00.000000','2025-04-17 14:38:15.094909',NULL,NULL,NULL,NULL,'Home Visit',NULL,100.0,'Card',NULL);
INSERT INTO treatment VALUES(99,39,'Standard Session',NULL,'','Completed','','2025-01-24 14:00:00.000000','2025-04-17 14:38:15.096338',NULL,NULL,NULL,NULL,'Home Visit',NULL,100.0,'Card',NULL);
INSERT INTO treatment VALUES(100,39,'Standard Session',NULL,'','Completed','','2025-01-27 14:00:00.000000','2025-04-17 14:38:15.097775',NULL,NULL,NULL,NULL,'Home Visit',NULL,100.0,'Card',NULL);
INSERT INTO treatment VALUES(101,39,'Standard Session',NULL,'','Completed','','2025-01-28 14:00:00.000000','2025-04-17 14:38:15.099166',NULL,NULL,NULL,NULL,'Home Visit',NULL,100.0,'Card',NULL);
INSERT INTO treatment VALUES(102,39,'Standard Session',NULL,'','Completed','','2025-01-29 14:00:00.000000','2025-04-17 14:38:15.100522',NULL,NULL,NULL,NULL,'Home Visit',NULL,100.0,'Card',NULL);
INSERT INTO treatment VALUES(103,39,'Standard Session',NULL,'','Completed','','2025-01-30 14:00:00.000000','2025-04-17 14:38:15.101873',NULL,NULL,NULL,NULL,'Home Visit',NULL,100.0,'Card',NULL);
INSERT INTO treatment VALUES(104,39,'Standard Session',NULL,'','Completed','','2025-01-31 14:00:00.000000','2025-04-17 14:38:15.103315',NULL,NULL,NULL,NULL,'Home Visit',NULL,100.0,'Card',NULL);
INSERT INTO treatment VALUES(105,39,'Standard Session',NULL,'','Completed','','2025-02-03 14:00:00.000000','2025-04-17 14:38:15.104733',NULL,NULL,NULL,NULL,'Home Visit',NULL,100.0,'Card',NULL);
INSERT INTO treatment VALUES(106,39,'Standard Session',NULL,'','Completed','','2025-02-04 14:00:00.000000','2025-04-17 14:38:15.106145',NULL,NULL,NULL,NULL,'Home Visit',NULL,100.0,'Card',NULL);
INSERT INTO treatment VALUES(107,39,'Standard Session',NULL,'','Completed','','2025-02-05 14:00:00.000000','2025-04-17 14:38:15.107784',NULL,NULL,NULL,NULL,'Home Visit',NULL,100.0,'Card',NULL);
INSERT INTO treatment VALUES(108,39,'Standard Session',NULL,'','Completed','','2025-02-06 14:00:00.000000','2025-04-17 14:38:15.109265',NULL,NULL,NULL,NULL,'Home Visit',NULL,100.0,'Card',NULL);
INSERT INTO treatment VALUES(109,39,'Standard Session',NULL,'','Completed','','2025-02-07 14:00:00.000000','2025-04-17 14:38:15.110718',NULL,NULL,NULL,NULL,'Home Visit',NULL,100.0,'Card',NULL);
INSERT INTO treatment VALUES(110,39,'Standard Session',NULL,'','Completed','','2025-02-10 14:00:00.000000','2025-04-17 14:38:15.112246',NULL,NULL,NULL,NULL,'Home Visit',NULL,100.0,'Card',NULL);
INSERT INTO treatment VALUES(111,39,'Standard Session',NULL,'','Completed','','2025-02-11 14:00:00.000000','2025-04-17 14:38:15.113695',NULL,NULL,NULL,NULL,'Home Visit',NULL,100.0,'Card',NULL);
INSERT INTO treatment VALUES(112,39,'Standard Session',NULL,'','Completed','','2025-02-12 14:00:00.000000','2025-04-17 14:38:15.115079',NULL,NULL,NULL,NULL,'Home Visit',NULL,100.0,'Card',NULL);
INSERT INTO treatment VALUES(113,39,'Standard Session',NULL,'','Completed','','2025-02-13 14:00:00.000000','2025-04-17 14:38:15.116447',NULL,NULL,NULL,NULL,'Home Visit',NULL,100.0,'Card',NULL);
INSERT INTO treatment VALUES(114,39,'Standard Session',NULL,'','Completed','','2025-02-14 14:00:00.000000','2025-04-17 14:38:15.117887',NULL,NULL,NULL,NULL,'Home Visit',NULL,100.0,'Card',NULL);
INSERT INTO treatment VALUES(115,39,'Standard Session',NULL,'','Completed','','2025-02-17 14:00:00.000000','2025-04-17 14:38:15.119290',NULL,NULL,NULL,NULL,'Home Visit',NULL,100.0,'Card',NULL);
INSERT INTO treatment VALUES(116,39,'Standard Session',NULL,'','Completed','','2025-02-18 14:00:00.000000','2025-04-17 14:38:15.120680',NULL,NULL,NULL,NULL,'Home Visit',NULL,100.0,'Card',NULL);
INSERT INTO treatment VALUES(117,39,'Standard Session',NULL,'','Completed','','2025-02-19 14:00:00.000000','2025-04-17 14:38:15.122115',NULL,NULL,NULL,NULL,'Home Visit',NULL,100.0,'Card',NULL);
INSERT INTO treatment VALUES(118,39,'Standard Session',NULL,'','Completed','','2025-02-20 14:00:00.000000','2025-04-17 14:38:15.123499',NULL,NULL,NULL,NULL,'Home Visit',NULL,100.0,'Card',NULL);
INSERT INTO treatment VALUES(119,39,'Standard Session',NULL,'','Completed','','2025-02-21 14:00:00.000000','2025-04-17 14:38:15.124860',NULL,NULL,NULL,NULL,'Home Visit',NULL,100.0,'Card',NULL);
INSERT INTO treatment VALUES(120,39,'Standard Session',NULL,'','Completed','','2025-02-24 14:00:00.000000','2025-04-17 14:38:15.126461',NULL,NULL,NULL,NULL,'Home Visit',NULL,100.0,'Card',NULL);
INSERT INTO treatment VALUES(121,39,'Standard Session',NULL,'','Completed','','2025-02-25 14:00:00.000000','2025-04-17 14:38:15.128208',NULL,NULL,NULL,NULL,'Home Visit',NULL,100.0,'Card',NULL);
INSERT INTO treatment VALUES(122,39,'Standard Session',NULL,'','Completed','','2025-02-26 14:00:00.000000','2025-04-17 14:38:15.129674',NULL,NULL,NULL,NULL,'Home Visit',NULL,100.0,'Card',NULL);
INSERT INTO treatment VALUES(123,39,'Standard Session',NULL,'','Completed','','2025-02-27 14:00:00.000000','2025-04-17 14:38:15.131086',NULL,NULL,NULL,NULL,'Home Visit',NULL,100.0,'Card',NULL);
INSERT INTO treatment VALUES(124,39,'Standard Session',NULL,'','Completed','','2025-02-28 14:00:00.000000','2025-04-17 14:38:15.132452',NULL,NULL,NULL,NULL,'Home Visit',NULL,100.0,'Card',NULL);
INSERT INTO treatment VALUES(125,39,'Standard Session',NULL,'','Completed','','2025-03-03 14:00:00.000000','2025-04-17 14:38:15.133866',NULL,NULL,NULL,NULL,'Home Visit',NULL,100.0,'Card',NULL);
INSERT INTO treatment VALUES(126,39,'Standard Session',NULL,'','Completed','','2025-03-04 14:00:00.000000','2025-04-17 14:38:15.135278',NULL,NULL,NULL,NULL,'Home Visit',NULL,100.0,'Card',NULL);
INSERT INTO treatment VALUES(127,39,'Standard Session',NULL,'','Completed','','2025-03-05 14:00:00.000000','2025-04-17 14:38:15.136662',NULL,NULL,NULL,NULL,'Home Visit',NULL,100.0,'Card',NULL);
INSERT INTO treatment VALUES(128,39,'Standard Session',NULL,'','Completed','','2025-03-06 14:00:00.000000','2025-04-17 14:38:15.138021',NULL,NULL,NULL,NULL,'Home Visit',NULL,100.0,'Card',NULL);
INSERT INTO treatment VALUES(129,39,'Standard Session',NULL,'','Completed','','2025-03-07 14:00:00.000000','2025-04-17 14:38:15.139317',NULL,NULL,NULL,NULL,'Home Visit',NULL,100.0,'Card',NULL);
INSERT INTO treatment VALUES(130,39,'Standard Session',NULL,'','Completed','','2025-03-10 14:00:00.000000','2025-04-17 14:38:15.140522',NULL,NULL,NULL,NULL,'Home Visit',NULL,100.0,'Card',NULL);
INSERT INTO treatment VALUES(131,39,'Standard Session',NULL,'','Completed','','2025-03-11 14:00:00.000000','2025-04-17 14:38:15.141761',NULL,NULL,NULL,NULL,'Home Visit',NULL,100.0,'Card',NULL);
INSERT INTO treatment VALUES(132,39,'Standard Session',NULL,'','Completed','','2025-03-12 14:00:00.000000','2025-04-17 14:38:15.142951',NULL,NULL,NULL,NULL,'Home Visit',NULL,100.0,'Card',NULL);
INSERT INTO treatment VALUES(133,39,'Standard Session',NULL,'','Completed','','2025-03-13 14:00:00.000000','2025-04-17 14:38:15.144191',NULL,NULL,NULL,NULL,'Home Visit',NULL,100.0,'Card',NULL);
INSERT INTO treatment VALUES(134,39,'Standard Session',NULL,'','Completed','','2025-03-14 14:00:00.000000','2025-04-17 14:38:15.145246',NULL,NULL,NULL,NULL,'Home Visit',NULL,100.0,'Card',NULL);
INSERT INTO treatment VALUES(135,39,'Standard Session',NULL,'','Completed','','2025-03-17 14:00:00.000000','2025-04-17 14:38:15.146335',NULL,NULL,NULL,NULL,'Home Visit',NULL,100.0,'Card',NULL);
INSERT INTO treatment VALUES(136,39,'Standard Session',NULL,'','Completed','','2025-03-18 14:00:00.000000','2025-04-17 14:38:15.147372',NULL,NULL,NULL,NULL,'Home Visit',NULL,100.0,'Card',NULL);
INSERT INTO treatment VALUES(137,39,'Standard Session',NULL,'','Completed','','2025-03-19 14:00:00.000000','2025-04-17 14:38:15.148390',NULL,NULL,NULL,NULL,'Home Visit',NULL,100.0,'Card',NULL);
INSERT INTO treatment VALUES(138,39,'Standard Session',NULL,'','Completed','','2025-03-20 14:00:00.000000','2025-04-17 14:38:15.149477',NULL,NULL,NULL,NULL,'Home Visit',NULL,100.0,'Card',NULL);
INSERT INTO treatment VALUES(139,39,'Standard Session',NULL,'','Completed','','2025-03-21 14:00:00.000000','2025-04-17 14:38:15.150510',NULL,NULL,NULL,NULL,'Home Visit',NULL,100.0,'Card',NULL);
INSERT INTO treatment VALUES(140,39,'Standard Session',NULL,'','Completed','','2025-03-24 14:00:00.000000','2025-04-17 14:38:15.151644',NULL,NULL,NULL,NULL,'Home Visit',NULL,100.0,'Card',NULL);
INSERT INTO treatment VALUES(141,39,'Standard Session',NULL,'','Completed','','2025-03-25 14:00:00.000000','2025-04-17 14:38:15.152630',NULL,NULL,NULL,NULL,'Home Visit',NULL,100.0,'Card',NULL);
INSERT INTO treatment VALUES(142,39,'Standard Session',NULL,'','Completed','','2025-03-26 14:00:00.000000','2025-04-17 14:38:15.153575',NULL,NULL,NULL,NULL,'Home Visit',NULL,100.0,'Card',NULL);
INSERT INTO treatment VALUES(143,39,'Standard Session',NULL,'','Completed','','2025-03-27 14:00:00.000000','2025-04-17 14:38:15.154516',NULL,NULL,NULL,NULL,'Home Visit',NULL,100.0,'Card',NULL);
INSERT INTO treatment VALUES(144,39,'Standard Session',NULL,'','Completed','','2025-03-28 14:00:00.000000','2025-04-17 14:38:15.155416',NULL,NULL,NULL,NULL,'Home Visit',NULL,100.0,'Card',NULL);
INSERT INTO treatment VALUES(145,39,'Standard Session',NULL,'','Completed','','2025-03-31 14:00:00.000000','2025-04-17 14:38:15.156359',NULL,NULL,NULL,NULL,'Home Visit',NULL,100.0,'Card',NULL);
INSERT INTO treatment VALUES(146,39,'Standard Session',NULL,'','Completed','','2025-04-01 14:00:00.000000','2025-04-17 14:38:15.157287',NULL,NULL,NULL,NULL,'Home Visit',NULL,100.0,'Card',NULL);
INSERT INTO treatment VALUES(147,39,'Standard Session',NULL,'','Completed','','2025-04-02 14:00:00.000000','2025-04-17 14:38:15.158207',NULL,NULL,NULL,NULL,'Home Visit',NULL,100.0,'Card',NULL);
INSERT INTO treatment VALUES(148,39,'Standard Session',NULL,'','Completed','','2025-04-03 14:00:00.000000','2025-04-17 14:38:15.159016',NULL,NULL,NULL,NULL,'Home Visit',NULL,100.0,'Card',NULL);
INSERT INTO treatment VALUES(149,39,'Standard Session',NULL,'','Completed','','2025-04-04 14:00:00.000000','2025-04-17 14:38:15.160185',NULL,NULL,NULL,NULL,'Home Visit',NULL,100.0,'Card',NULL);
INSERT INTO treatment VALUES(150,39,'Standard Session',NULL,'','Completed','','2025-04-07 14:00:00.000000','2025-04-17 14:38:15.161288',NULL,NULL,NULL,NULL,'Home Visit',NULL,100.0,'Card',NULL);
INSERT INTO treatment VALUES(151,39,'Standard Session',NULL,'','Completed','','2025-04-08 14:00:00.000000','2025-04-17 14:38:15.162288',NULL,NULL,NULL,NULL,'Home Visit',NULL,100.0,'Card',NULL);
INSERT INTO treatment VALUES(152,39,'Standard Session',NULL,'','Completed','','2025-04-09 14:00:00.000000','2025-04-17 14:38:15.163179',NULL,NULL,NULL,NULL,'Home Visit',NULL,100.0,'Card',NULL);
INSERT INTO treatment VALUES(153,39,'Standard Session',NULL,'','Completed','','2025-04-10 14:00:00.000000','2025-04-17 14:38:15.164240',NULL,NULL,NULL,NULL,'Home Visit',NULL,100.0,'Card',NULL);
INSERT INTO treatment VALUES(154,39,'Standard Session',NULL,'','Completed','','2025-04-11 14:00:00.000000','2025-04-17 14:38:15.165001',NULL,NULL,NULL,NULL,'Home Visit',NULL,100.0,'Card',NULL);
INSERT INTO treatment VALUES(155,39,'Standard Session',NULL,'','Completed','','2025-04-14 14:00:00.000000','2025-04-17 14:38:15.165713',NULL,NULL,NULL,NULL,'Home Visit',NULL,100.0,'Card',NULL);
INSERT INTO treatment VALUES(156,39,'Standard Session',NULL,'','Completed','','2025-04-15 14:00:00.000000','2025-04-17 14:38:15.166464',NULL,NULL,NULL,NULL,'Home Visit',NULL,100.0,'Card',NULL);
INSERT INTO treatment VALUES(157,39,'Standard Session',NULL,'','Completed','','2025-04-16 14:00:00.000000','2025-04-17 14:38:15.167183',NULL,NULL,NULL,NULL,'Home Visit',NULL,100.0,'Card',NULL);
INSERT INTO treatment VALUES(159,39,'Standard Session',NULL,'','Completed','','2025-04-17 14:00:00.000000','2025-04-17 15:49:11.874252',NULL,NULL,NULL,NULL,'Home Visit',NULL,100.0,'Card',NULL);
INSERT INTO treatment VALUES(160,33,'1 Hour Session',NULL,'Booked via Calendly. Duration: 60 minutes.','Completed',NULL,'2025-03-28 17:00:00.000000','2025-05-02 13:39:02.223547',NULL,NULL,NULL,NULL,NULL,NULL,80.0,'Cash',NULL);
INSERT INTO treatment VALUES(161,35,'2 Hours Session 🇬🇧 ',NULL,'Booked via Calendly. Duration: 120 minutes.','Completed',NULL,'2025-04-18 16:00:00.000000','2025-04-26 08:44:13.934868',NULL,NULL,NULL,NULL,NULL,NULL,NULL,NULL,NULL);
INSERT INTO treatment VALUES(162,40,'Sesión de 1 Hora 🇪🇸 ',NULL,'Booked via Calendly. Duration: 60 minutes.','Completed',NULL,'2025-04-17 10:00:00.000000','2025-04-26 08:44:13.934869',NULL,NULL,NULL,NULL,NULL,NULL,NULL,NULL,NULL);
INSERT INTO treatment VALUES(163,25,'1 Hour Session 🇬🇧 ',NULL,'Booked via Calendly. Duration: 60 minutes.','Completed',NULL,'2025-04-25 17:00:00.000000','2025-04-26 08:44:13.934870',NULL,NULL,NULL,NULL,NULL,NULL,NULL,NULL,NULL);
INSERT INTO treatment VALUES(164,41,'Séance d''1 Heure 🇫🇷 ',NULL,'Booked via Calendly. Duration: 60 minutes.','Completed',NULL,'2025-04-25 10:00:00.000000','2025-04-26 08:44:13.934871',NULL,NULL,NULL,NULL,NULL,NULL,NULL,NULL,NULL);
INSERT INTO treatment VALUES(165,29,'2 Hours Session 🇬🇧 ',NULL,'Booked via Calendly. Duration: 120 minutes.','Completed',NULL,'2025-04-29 17:00:00.000000','2025-04-30 15:00:46.401560',NULL,NULL,NULL,NULL,NULL,NULL,NULL,NULL,NULL);
INSERT INTO treatment VALUES(166,33,'1 Hour Session 🇬🇧 ',NULL,'Booked via Calendly. Duration: 60 minutes.','Completed',NULL,'2025-05-02 16:00:00.000000','2025-05-05 15:49:10.202782',NULL,NULL,NULL,NULL,NULL,NULL,NULL,NULL,NULL);
INSERT INTO treatment VALUES(167,42,'Sesión de 1 Hora 🇪🇸 ',NULL,'Booked via Calendly. Duration: 60 minutes.','Completed',NULL,'2025-04-30 16:30:00.000000','2025-05-01 14:13:42.414512',NULL,NULL,NULL,NULL,NULL,NULL,NULL,NULL,NULL);
INSERT INTO treatment VALUES(168,39,'Standard Session',NULL,'(Recurring from rule 1)','Completed','','2025-05-01 14:00:00.000000','2025-05-02 13:45:16.843211',NULL,NULL,NULL,NULL,'Home Visit',NULL,100.0,'Card',NULL);
INSERT INTO treatment VALUES(170,39,'Standard Session',NULL,'(Recurring from rule 1)','Completed','','2025-05-05 14:00:00.000000','2025-05-06 20:28:42.013561',NULL,NULL,NULL,NULL,'Home Visit',NULL,100.0,NULL,NULL);
INSERT INTO treatment VALUES(171,39,'Standard Session',NULL,'(Recurring from rule 1)','Completed','','2025-05-06 14:00:00.000000','2025-05-07 20:14:10.435260',NULL,NULL,NULL,NULL,'Home Visit',NULL,100.0,NULL,NULL);
INSERT INTO treatment VALUES(172,39,'Standard Session',NULL,'(Recurring from rule 1)','Completed','','2025-05-07 14:00:00.000000','2025-05-07 22:02:21.784326',NULL,NULL,NULL,NULL,'Home Visit',NULL,100.0,NULL,NULL);
INSERT INTO treatment VALUES(173,43,'Séance d''1 Heure 🇫🇷 ',NULL,'Booked via Calendly. Duration: 60 minutes.','Completed',NULL,'2025-04-25 10:00:00.000000','2025-05-07 23:59:44.171573',NULL,NULL,NULL,NULL,NULL,NULL,NULL,NULL,NULL);
INSERT INTO treatment VALUES(174,44,'Sesión de 1 Hora 🇪🇸 ',NULL,'Booked via Calendly. Duration: 60 minutes.','Completed',NULL,'2025-05-06 10:00:00.000000','2025-05-07 23:59:44.171579',NULL,NULL,NULL,NULL,NULL,NULL,NULL,NULL,NULL);
INSERT INTO treatment VALUES(175,45,'1 Hour Session 🇬🇧 ',NULL,'Booked via Calendly. Duration: 60 minutes.','Completed',NULL,'2025-05-07 16:30:00.000000','2025-05-07 23:59:44.171580',NULL,NULL,NULL,NULL,NULL,NULL,NULL,NULL,NULL);
INSERT INTO treatment VALUES(176,46,'Séance d''1 Heure 🇫🇷 ',NULL,'Booked via Calendly. Duration: 60 minutes.','Scheduled',NULL,'2025-05-09 16:00:00.000000',NULL,NULL,NULL,NULL,NULL,NULL,NULL,NULL,NULL,NULL);
INSERT INTO treatment VALUES(177,29,'1 Hour Session 🇬🇧 ',NULL,'Booked via Calendly. Duration: 60 minutes.','Scheduled',NULL,'2025-05-20 16:00:00.000000',NULL,NULL,NULL,NULL,NULL,NULL,NULL,NULL,NULL,NULL);
INSERT INTO treatment VALUES(178,35,'2 Hours Session 🇬🇧 ',NULL,'Booked via Calendly. Duration: 120 minutes.','Scheduled',NULL,'2025-05-21 16:00:00.000000',NULL,NULL,NULL,NULL,NULL,NULL,NULL,NULL,NULL,NULL);
INSERT INTO treatment VALUES(179,29,'1 Hour Session 🇬🇧 ',NULL,'Booked via Calendly. Duration: 60 minutes.','Scheduled',NULL,'2025-05-23 15:00:00.000000',NULL,NULL,NULL,NULL,NULL,NULL,NULL,NULL,NULL,NULL);
CREATE TABLE IF NOT EXISTS "practice_reports" (
	id INTEGER NOT NULL, 
	content TEXT NOT NULL, 
	generated_at DATETIME NOT NULL, 
	user_id INTEGER, 
	PRIMARY KEY (id), 
	CONSTRAINT fk_practice_reports_user_id_user FOREIGN KEY(user_id) REFERENCES user (id)
);
INSERT INTO practice_reports VALUES(1,replace('# **Physiotherapy Practice Analytics Report**  \n\n## **Executive Summary**  \nThe practice currently serves **39 total patients**, with **22 active patients**, averaging **4.0 treatments per patient** and generating **£2,488 in monthly revenue**. The patient base is heavily skewed toward **older adults (61+ years)**, with minimal representation from younger age groups. The most common diagnoses are **general musculoskeletal issues (19 cases)** and **Calendly bookings (13 cases)**, though specific conditions like **vertebrae spur post-surgery, left knee crepitus, and rotator cuff injuries** also appear.  \n\nTreatment volume has fluctuated, peaking in **March 2025 (47 treatments)**, while **new patient acquisition spiked in April 2025 (16 new patients)**. Revenue is primarily driven by **standard sessions (£7,700 total)**, with niche conditions contributing smaller amounts.  \n\n---\n\n## **Key Findings**  \n1. **Dominant Age Group:**  \n   \n- **27 patients (69%) are 61+ years old**, indicating a strong focus on geriatric physiotherapy.  \n   \n- Only **2 patients are under 17**, and **none are between 18-60**, suggesting a potential gap in marketing to younger demographics.  \n\n2. **Top Diagnoses:**  \n   \n- **General musculoskeletal issues (19 cases)** and **Calendly bookings (13 cases)** dominate, possibly indicating administrative entries or broad pain management cases.  \n   \n- Notable specific conditions: **vertebrae spur post-surgery, left knee crepitus, and rotator cuff injuries**.  \n\n3. **Busiest Months:**  \n   \n- **March 2025** saw the highest treatment volume (**47 sessions**).  \n   \n- **April 2025** had the highest new patient intake (**16 patients**), possibly due to seasonal factors or marketing efforts.  \n\n4. **Revenue Insights:**  \n   \n- **Standard sessions (£7,700)** generate the most revenue, while specialized treatments (e.g., shoulder pain, knee issues) contribute smaller amounts (£70-£140 per session).  \n\n---\n\n## **Treatment Analysis**  \n\n- **Average treatments per patient (4.0)** suggests a moderate course of care, with some patients requiring extended rehabilitation.  \n\n- **Revenue distribution** indicates that **standard sessions are the financial backbone**, while niche treatments (e.g., post-surgical rehab, sports injuries) are less frequent but may command higher per-session rates.  \n\n- **Peak in March 2025 (47 treatments)** could correlate with seasonal factors (e.g., post-winter mobility issues, New Year fitness resolutions leading to injuries).  \n\n---\n\n## **Potential Patterns & Correlations**  \n1. **Age & Diagnosis Correlation:**  \n   \n- The **61+ age group likely drives most musculoskeletal and post-surgical cases** (e.g., vertebrae spur, osteoarthritis).  \n   \n- **Younger patients (0-17) may have sports injuries**, but data is too sparse to confirm.  \n\n2. **Seasonal Trends:**  \n   \n- **March 2025 peak** could relate to increased activity after winter or delayed treatment seeking.  \n   \n- **April 2025 new patient surge** may reflect springtime activity resumption (e.g., gardening, sports).  \n\n3. **Revenue vs. Treatment Type:**  \n   \n- **Standard sessions dominate revenue**, but specialized treatments (e.g., rotator cuff rehab, knee pain) could be upsell opportunities if demand increases.  \n   \n- **Lower-revenue treatments (£70-£80)** may be follow-ups or shorter sessions, suggesting room for optimizing session pricing or bundling.  \n\n4. **New Patients vs. Treatment Volume:**  \n   \n- **April 2025 saw 16 new patients but only 31 treatments**, indicating many may be in early assessment phases.  \n   \n- **March 2025 had fewer new patients','\n',char(10)),'2025-04-18 23:06:42.957841',NULL);
INSERT INTO practice_reports VALUES(2,replace('# **Physiotherapy Practice Analytics Report**  \n\n## **1. Executive Summary**  \nThe current dataset reveals a practice with no active patients, no logged treatments, and no revenue, suggesting either a new practice or a data entry/tracking issue. Despite the lack of patient and treatment data, the "Most Common Diagnoses" field contains entries, which may indicate that some diagnostic codes or booking notes have been recorded without corresponding treatment logs. This discrepancy warrants further investigation into data capture processes.  \n\n## **2. Key Findings**  \n\n- **No Active Patients or Treatments:** The practice shows zero patients and treatments, which contrasts with the presence of diagnostic labels (e.g., "Calendly booking" appears 20 times).  \n\n- **Diagnostic Notes Suggest Potential Activity:** The "Most Common Diagnoses" list includes entries like "Calendly booking (20)" and "3 (19)," which may represent placeholder or administrative codes rather than actual clinical diagnoses. A few specific conditions (e.g., "vertebrae spur L4 L5 post-surgery," "left knee crepitus") appear once each, hinting at past or pending cases.  \n\n- **Revenue & Treatment Trends Unavailable:** No discernible patterns in revenue, visit types, or treatment volume can be extracted due to missing data.  \n\n## **3. Treatment Analysis**  \n\n- **No Treatments Logged:** The absence of treatment data prevents analysis of frequency, modalities used, or visit types.  \n\n- **Diagnostic Labels vs. Clinical Activity:** The presence of diagnostic terms without linked treatments suggests either:  \n  \n- A recording issue (e.g., diagnoses logged before treatment plans are finalized).  \n  \n- A technical error (e.g., syncing between booking systems and clinical records).  \n\n## **4. Potential Patterns & Correlations**  \n\n- **Outlier in Diagnostic Entries:** The high counts for "Calendly booking (20)" and "3 (19)" are unusual—these likely represent administrative tags rather than medical diagnoses. This could indicate:  \n  \n- A misconfigured EHR or booking system where non-clinical entries are being classified as diagnoses.  \n  \n- A placeholder for unassigned or follow-up cases.  \n\n- **Low Specificity in Diagnoses:** Most clinical entries (e.g., "ciatalgia izq," "Rehabilitación fractura clavicular izq") appear only once, making it impossible to identify trends.  \n\n## **5. Actionable Insights & Curious Takeaways**  \n### **Insight 1: Data Integrity Check**  \nThe mismatch between "zero patients/treatments" and the existence of diagnostic labels suggests a data capture or integration problem. Recommended actions:  \n\n- Audit the practice management software to ensure bookings and treatments are being logged correctly.  \n\n- Verify if "Calendly booking" and "3" are system-generated placeholders that need reclassification.  \n\n### **Insight 2: Investigate the Single-Entry Diagnoses**  \nThe rare but specific diagnoses (e.g., "vertebrae spur L4 L5 post-surgery") could represent niche specialties or post-operative cases. If these are actual patients, their absence from the active/treatment logs may indicate:  \n\n- Patients booked but not yet seen.  \n\n- Treatments not being recorded post-diagnosis.  \n\n### **Thought-Provoking Observation**  \nIf "Calendly booking (20)" reflects 20 pending appointments, the practice may have an untapped pipeline of potential patients. Proactively following up on these could convert them into active cases.  \n\n--\n-  \n**Next Steps:**  \n1. **Resolve Data Discrepancies:** Ensure all patient interactions (bookings, diagnoses, treatments) are tracked in the same system.  \n2. **Review Booking Workflow:** Determine why administrative labels appear as diagnoses and adjust categorization.  \n3. **Explore Niche Opportunities:** If the one-off diagnoses (e.g','\n',char(10)),'2025-05-08 00:21:46.679933',3);
INSERT INTO practice_reports VALUES(3,replace('# **Physiotherapy Practice Analytics Report**  \n\n## **Executive Summary**  \nThe current dataset indicates a practice with no active patients, no logged treatments, and no revenue, suggesting either a new practice with minimal activity or potential data entry gaps. Despite the limited quantitative metrics, qualitative insights can be drawn from the listed diagnoses, which reveal a mix of musculoskeletal conditions (e.g., vertebral spurs, hamstring pulls, and golfer’s elbow). The most frequent booking-related entries ("To be updated (Calendly booking)") suggest administrative or documentation inefficiencies that may need addressing.  \n\n--\n-  \n\n## **Key Findings**  \n1. **Diagnostic Trends**:  \n   \n- The top two most frequent entries are administrative ("To be updated (Calendly booking)") and a placeholder ("3"), indicating potential inconsistencies in diagnosis logging.  \n   \n- Notable clinical diagnoses include:  \n     \n- **Vertebrae spur L4/L5 post-surgery** (1 case)  \n     \n- **Left knee crepitus** (1 case)  \n     \n- **Hamstring pull (right)** (1 case)  \n\n2. **Practice Activity**:  \n   \n- No active patients or treatments logged, suggesting either a new practice or a need to verify data capture methods.  \n\n--\n-  \n\n## **Treatment Analysis**  \n\n- **No treatments logged**, so trends in visit frequency or revenue cannot be analyzed.  \n\n- The listed diagnoses suggest a focus on **post-surgical rehab**, **sports injuries**, and **chronic musculoskeletal conditions**, but without treatment volume or revenue data, no further conclusions can be drawn.  \n\n--\n-  \n\n## **Potential Patterns & Correlations**  \n1. **Diagnostic Data Inconsistencies**:  \n   \n- The high frequency of "To be updated (Calendly booking)" (20 entries) and "3" (19 entries) suggests either:  \n     \n- A technical issue with diagnosis logging (e.g., default placeholder text).  \n     \n- A need for staff training on proper documentation.  \n\n2. **Diverse but Sparse Clinical Cases**:  \n   \n- The remaining diagnoses (e.g., "ciatalgia izq," "Rehabilitación fractura clavicular izq") indicate a varied caseload, but with only 1 case each, no clear patterns emerge.  \n\n3. **Missing Demographic & Seasonal Data**:  \n   \n- No age distribution or time-based trends are available, preventing analysis of injury correlations with age or seasonality.  \n\n--\n-  \n\n## **Actionable Insights & Curious Takeaways**  \n1. **Improve Diagnosis Documentation**:  \n   \n- **Action**: Investigate why "To be updated (Calendly booking)" and "3" appear so frequently. If these are placeholders, implement mandatory diagnosis fields or staff training to ensure accurate logging.  \n   \n- **Benefit**: Cleaner data will enable better tracking of common conditions and treatment efficacy.  \n\n2. **Verify Data Capture Processes**:  \n   \n- **Action**: Confirm whether the absence of patient/treatment data reflects reality or a system error (e.g., missed entries, software misconfiguration).  \n   \n- **Benefit**: Ensures future reports are based on complete data, allowing for meaningful analysis.  \n\n### **Final Thought**  \nWhile the practice currently lacks quantitative metrics, the presence of varied diagnoses suggests potential specialization opportunities (e.g., post-surgical rehab or sports injuries). Addressing data integrity issues should be the immediate priority to enable deeper insights in future reports.  \n\n--\n-  \n**End of Report**','\n',char(10)),'2025-05-08 00:21:54.380116',3);
INSERT INTO practice_reports VALUES(4,replace('# **Physiotherapy Practice Analytics Report**  \n\n## **Executive Summary**  \nThe current dataset reveals a practice with no active patients, no logged treatments, and no revenue, suggesting either a new practice with no recorded activity or a data entry issue. However, the "Most Common Diagnoses" field contains entries, which may indicate that some patient data exists but has not been fully integrated into the analytics. The diagnoses listed suggest a mix of musculoskeletal conditions (e.g., vertebral spurs, hamstring pulls, and golfer’s elbow), but without patient counts or treatment frequencies, deeper insights are limited.  \n\n## **Key Findings**  \n1. **No Recorded Patient Activity**: Total patients, active patients, treatments, and revenue all show zero, which conflicts with the presence of diagnosis entries.  \n2. **Top Diagnoses (Partial Data)**:  \n   \n- "To be updated (Calendly booking)" (20) – Suggests administrative entries rather than clinical diagnoses.  \n   \n- "3" (19) – Unclear meaning; possibly a placeholder or data error.  \n   \n- Other diagnoses (e.g., vertebral spur, hamstring pull, golfer’s elbow) appear sporadically (1 occurrence each).  \n3. **Missing Demographic & Revenue Data**: No age distribution or revenue breakdown is available.  \n\n## **Treatment Analysis**  \n\n- **No Treatments Logged**: The data shows zero treatments, making it impossible to analyze frequency or trends.  \n\n- **Diagnosis vs. Treatment Mismatch**: The presence of diagnoses without corresponding treatments suggests either:  \n  \n- Treatments were performed but not logged.  \n  \n- Diagnoses were recorded as part of intake but no follow-up treatments were documented.  \n\n## **Potential Patterns & Correlations**  \n1. **Data Integrity Issues**:  \n   \n- The "Most Common Diagnoses" field contains ambiguous entries ("To be updated," "3"), indicating possible administrative or placeholder data rather than actual diagnoses.  \n   \n- The mismatch between zero patients/treatments and listed diagnoses suggests incomplete or improperly logged records.  \n2. **Possible Outliers**:  \n   \n- The diagnosis "vertebrae spur L4 L5 post surgery" (1) stands out as a post-surgical case, which may require specialized rehab—worth tracking if more such cases appear.  \n   \n- "Calendly booking" entries dominating the list imply a need to review how diagnoses are being recorded.  \n\n## **Actionable Insights & Curious Takeaways**  \n1. **Audit Data Entry Processes**:  \n   \n- Investigate why diagnoses appear without corresponding patient or treatment records.  \n   \n- Clarify ambiguous entries (e.g., "3," "To be updated") to ensure accurate clinical reporting.  \n2. **Explore Post-Surgical Rehab Demand**:  \n   \n- The single post-surgery case (vertebral spur) may hint at an underserved niche if more such patients appear. Tracking these cases could reveal a specialty opportunity.  \n\n### **Next Steps**  \n\n- Verify if the zero-patient status is accurate or a reporting error.  \n\n- Implement structured diagnosis logging (e.g., standardized labels instead of placeholders).  \n\n- If the practice is new, focus on initial patient intake and treatment logging to enable future analysis.  \n\nThis report highlights critical data gaps but suggests potential areas for refinement in record-keeping and niche service development. Further data collection is essential for meaningful analytics.','\n',char(10)),'2025-05-08 00:21:56.238130',3);
INSERT INTO practice_reports VALUES(5,replace('# **Physiotherapy Practice Analytics Report**  \n\n## **Executive Summary**  \nThe current dataset reveals a practice with no active patients, no logged treatments, and no revenue, suggesting either a new practice with minimal activity or potential data entry gaps. Despite the limited quantitative metrics, qualitative data on diagnoses hints at early patient interactions, primarily through Calendly bookings (20 instances) and a few specific conditions (e.g., vertebral spurs, hamstring pulls, and fractures). Further data collection and patient engagement tracking are needed to build a robust analytical foundation.  \n\n--\n-  \n\n## **Key Findings**  \n1. **Diagnosis Highlights**:  \n   \n- The most frequent entry is "To be updated (Calendly booking)" (20 instances), indicating a need for standardized diagnosis logging post-booking.  \n   \n- Other notable diagnoses include "vertebrae spur L4/L5 post-surgery," "left knee crepitus," and "hamstring pull," suggesting a mix of post-surgical rehab and sports-related musculoskeletal issues.  \n\n2. **Patient Activity**:  \n   \n- No active patients or treatments logged, but the presence of diagnoses implies some initial consultations or unlogged follow-ups.  \n\n--\n-  \n\n## **Treatment Analysis**  \n\n- **Treatment Volume**: No treatments logged, but the variety of diagnoses (e.g., fractures, tendonitis, nerve pain) suggests potential demand for:  \n  \n- Post-operative rehab (e.g., vertebral spur post-surgery).  \n  \n- Acute injury management (e.g., hamstring pulls, clavicular fractures).  \n  \n- Chronic conditions (e.g., knee crepitus, sciatica).  \n\n- **Revenue & Visit Types**: Insufficient data, but future tracking should differentiate initial assessments, follow-ups, and specialized interventions (e.g., manual therapy, exercise prescription).  \n\n--\n-  \n\n## **Potential Patterns & Correlations**  \n1. **Diagnosis Outliers**:  \n   \n- The high count of "To be updated (Calendly booking)" (20) vs. specific diagnoses (1–2 each) suggests inconsistent clinical documentation. This may obscure true diagnosis prevalence.  \n   \n- The single mention of "vertebrae spur L4/L5 post-surgery" could indicate a niche for post-surgical rehab—worth exploring if more cases emerge.  \n\n2. **Possible Seasonal or Activity-Linked Trends**:  \n   \n- Limited data, but sports-related diagnoses (e.g., "hamstring pull," "golfer’s elbow") may correlate with seasonal sports activity. Future tracking could identify peaks (e.g., summer for golf, winter for indoor sports injuries).  \n\n--\n-  \n\n## **Actionable Insights**  \n1. **Standardize Diagnosis Logging**:  \n   \n- Replace placeholder entries like "To be updated" with structured diagnostic codes post-consultation. This will clarify patient needs and highlight service demand.  \n\n2. **Explore Post-Surgical Rehab Niche**:  \n   \n- The "vertebrae spur L4/L5 post-surgery" case suggests potential demand for post-operative rehab. Partnering with local surgeons or promoting this service could attract referrals.  \n\n3. **Investigate Booking vs. Treatment Gap**:  \n   \n- The 20 Calendly bookings vs. 0 treatments imply a drop-off between booking and attendance. Follow-up surveys or reminder systems could improve conversion.  \n\n--\n-  \n\n### **Final Note**  \nWhile the practice lacks quantitative metrics, the diagnosis list reveals opportunities in sports rehab, post-surgical care, and documentation improvements. Prioritizing data integrity and patient engagement tracking will enable deeper analysis in future reports.  \n\n**Next Steps**:  \n\n- Implement consistent diagnosis coding.  \n\n- Track treatment frequency and revenue by visit type.  \n\n- Monitor seasonal trends in injury types.  \n\n--\n-  \n*Report generated based on available data. Further insights require expanded dataset granularity.*','\n',char(10)),'2025-05-08 00:21:59.772804',3);
INSERT INTO practice_reports VALUES(6,replace('# **Physiotherapy Practice Analytics Report**  \n\n## **Executive Summary**  \nThe current dataset indicates that the practice has no recorded patients, treatments, or revenue, with all metrics showing zero or "N/A" values. This suggests either:  \n1. **Data entry or tracking has not yet begun**, or  \n2. **A technical issue** (e.g., data not being logged properly in the system).  \n\nWithout patient or treatment data, no clinical or financial trends can be analyzed. The immediate priority should be verifying data collection processes to ensure accurate tracking for future reporting.  \n\n--\n-  \n\n## **Key Findings**  \nGiven the absence of data, the following critical gaps are evident:  \n1. **No patient base** (active or historical).  \n2. **No treatments logged**, meaning revenue, visit types, and diagnoses cannot be assessed.  \n3. **No demographic or clinical trends** (age, common conditions, or seasonal patterns).  \n\n**Implication:** The practice lacks the foundational data needed for performance evaluation or strategic decision-making.  \n\n--\n-  \n\n## **Treatment Analysis**  \n\n- **No treatments recorded** (total = 0).  \n\n- **No revenue or visit-type breakdowns** available.  \n\n**Observation:** Without treatment data, it is impossible to determine:  \n\n- Which modalities (e.g., manual therapy, exercise rehab) are most used.  \n\n- Whether certain treatments correlate with specific diagnoses or patient groups.  \n\n--\n-  \n\n## **Potential Patterns & Correlations**  \nSince no data exists, no patterns or correlations can be identified. However, once data is collected, the following should be investigated:  \n1. **Seasonal trends** (e.g., sports injuries in summer, postural pain in winter).  \n2. **Age-diagnosis links** (e.g., younger patients with sports injuries vs. older patients with arthritis).  \n3. **Revenue fluctuations** (e.g., higher income from post-op rehab vs. chronic pain management).  \n\n--\n-  \n\n## **Actionable Insights & Next Steps**  \n### **1. Verify & Initiate Data Collection**  \n\n- Ensure the practice management software is correctly logging patient intake, treatments, and billing.  \n\n- If no system is in place, implement one (e.g., Cliniko, Jane, or Physitrack).  \n\n### **2. Investigate Possible Causes for Zero Data**  \n\n- Is this a new practice with no patients yet?  \n\n- Could there be an export/import error in reporting?  \n\n### **3. Set Up Baseline Tracking for Future Analysis**  \nOnce data begins flowing, track:  \n\n- **New patient sources** (referrals, direct bookings, etc.).  \n\n- **Common diagnoses** to tailor marketing or specialist training.  \n\n- **Revenue by treatment type** to optimize service offerings.  \n\n--\n-  \n\n### **Final Thought**  \nWhile the current dataset does not allow for clinical or financial insights, this presents an opportunity to establish robust tracking from the outset. Future reports will be far more valuable with consistent data recording.  \n\n**Recommendation:** Schedule a follow-up analysis once at least 3 months of patient and treatment data are available.','\n',char(10)),'2025-05-08 00:24:50.254984',3);
CREATE TABLE IF NOT EXISTS "patient" (
	id INTEGER NOT NULL, 
	name VARCHAR(100) NOT NULL, 
	date_of_birth DATE, 
	contact VARCHAR(100), 
	diagnosis VARCHAR(200), 
	treatment_plan TEXT, 
	notes TEXT, 
	status VARCHAR(20), 
	created_at DATETIME, 
	email VARCHAR(100), 
	phone VARCHAR(20), 
	address_line1 VARCHAR(100), 
	address_line2 VARCHAR(100), 
	city VARCHAR(50), 
	postcode VARCHAR(20), 
	preferred_location VARCHAR(50) DEFAULT 'Clinic', 
	updated_at DATETIME, 
	physio_id INTEGER, 
	PRIMARY KEY (id), 
	CONSTRAINT fk_patient_physio_id_user FOREIGN KEY(physio_id) REFERENCES user (id)
);
INSERT INTO patient VALUES(1,'Ainhoa Sanchez','0003-03-03','3','Try','3',replace(replace('3\n\n--- Posture Analysis (2025-04-22 00:04) ---\n**Front View:**\n**Front View Analysis:**\r\n- Head Tilt: Appears level.\r\n- Head Centering: Appears centered over shoulders.\r\n- Shoulder Level: Asymmetry detected (Right shoulder higher).\r\n- Arm Gap: Appear relatively symmetrical.\r\n- Rib Cage: Symmetry/flaring difficult to assess from landmarks alone.\r\n- Hip Level: Appear relatively level.\r\n- Knees: Potential valgus/varus tendency noted (further assessment needed).\r\n- Feet: Appear relatively straight.\r\n- Ankles/Feet: Arch and pronation/supination require specific tests.\n-------------------------------------','\r',char(13)),'\n',char(10)),'Inactive','2024-12-01 19:43:47.021379',NULL,NULL,NULL,NULL,NULL,NULL,'Clinic',NULL,NULL);
INSERT INTO patient VALUES(2,'Heinz Wagner','0003-03-03','3','3','3','Costaspine','Inactive','2024-12-02 08:21:23.933301',NULL,NULL,NULL,NULL,NULL,NULL,'Clinic',NULL,NULL);
INSERT INTO patient VALUES(3,'Elly Saidi','0003-03-03','3','3','3','Costaspine','Inactive','2024-12-02 08:21:50.322375',NULL,NULL,NULL,NULL,NULL,NULL,'Clinic',NULL,NULL);
INSERT INTO patient VALUES(4,'Mario Jose Medjeral','0003-03-03','3','3','3','Costaspine','Inactive','2024-12-02 08:22:18.176900',NULL,NULL,NULL,NULL,NULL,NULL,'Clinic',NULL,NULL);
INSERT INTO patient VALUES(5,'Aliza Llewellyn','0003-03-03','3','3','3','Costaspine','Inactive','2024-12-02 08:27:09.822922',NULL,NULL,NULL,NULL,NULL,NULL,'Clinic',NULL,NULL);
INSERT INTO patient VALUES(6,'Sarah Hunt','0003-03-03','3','3','3','3','Inactive','2024-12-12 10:39:29.025277',NULL,NULL,NULL,NULL,NULL,NULL,'Clinic',NULL,NULL);
INSERT INTO patient VALUES(7,'Amanda Graham','3333-03-03','3','3','3','3','Inactive','2025-01-03 08:48:02.421828',NULL,NULL,NULL,NULL,NULL,NULL,'Clinic',NULL,NULL);
INSERT INTO patient VALUES(8,'Filip De Wilde','0003-03-03','3','Rehabilitación fractura clavicular izq','Increase ROM left shoulder (flexion, rot ext, rot int, abd)','3','Active','2025-01-13 08:54:33.447746',NULL,NULL,NULL,NULL,NULL,NULL,'Clinic',NULL,NULL);
INSERT INTO patient VALUES(9,'Darren Thornley','0003-03-03','3','3','3','3','Inactive','2025-01-13 10:07:52.164723',NULL,NULL,NULL,NULL,NULL,NULL,'Clinic',NULL,NULL);
INSERT INTO patient VALUES(10,'Peter Casey','0003-03-03','3','3','3','3','Inactive','2025-01-13 11:10:28.748058',NULL,NULL,NULL,NULL,NULL,NULL,'Clinic',NULL,NULL);
INSERT INTO patient VALUES(11,'Conchi Ozuna','2025-01-17','3','3','3','3','Inactive','2025-01-17 08:51:22.648870',NULL,NULL,NULL,NULL,NULL,NULL,'Clinic',NULL,NULL);
INSERT INTO patient VALUES(12,'Jackson Newman','0003-03-03','3','Hamstring pull r','Regain ROM, increase strength ','','Inactive','2025-01-22 10:48:24.989481',NULL,NULL,NULL,NULL,NULL,NULL,'Clinic',NULL,NULL);
INSERT INTO patient VALUES(13,'Jonathan Thomas','0003-03-03','3','Left knee crepitus','3','3','Active','2025-01-27 10:55:39.263599',NULL,NULL,NULL,NULL,NULL,NULL,'Clinic',NULL,NULL);
INSERT INTO patient VALUES(14,'Tamara Newman','0003-03-03','3','3','3','3','Inactive','2025-01-31 15:35:07.337914',NULL,NULL,NULL,NULL,NULL,NULL,'Clinic',NULL,NULL);
INSERT INTO patient VALUES(15,'Kenny Palmberg','0003-03-03','3','ciatalgia izq, manguito r','3','3','Inactive','2025-01-31 16:23:45.460159',NULL,NULL,NULL,NULL,NULL,NULL,'Clinic',NULL,NULL);
INSERT INTO patient VALUES(16,'Jose Francisco Mendoza','0003-03-03','3','3','3','3','Active','2025-02-03 10:03:58.791542',NULL,NULL,NULL,NULL,NULL,NULL,'Clinic',NULL,NULL);
INSERT INTO patient VALUES(17,'Maria del Mar Ric Maiz','1964-11-18','3','3','3','3','Inactive','2025-02-12 09:38:48.428277',NULL,NULL,NULL,NULL,NULL,NULL,'Clinic',NULL,NULL);
INSERT INTO patient VALUES(18,'nina ','0003-03-03','3','3','3','3','Inactive','2025-02-17 10:08:00.732564',NULL,NULL,NULL,NULL,NULL,NULL,'Clinic',NULL,NULL);
INSERT INTO patient VALUES(19,'Stefan Brolin','0003-03-03','3','3','3','3','Active','2025-02-17 15:00:37.818958',NULL,NULL,NULL,NULL,NULL,NULL,'Clinic',NULL,NULL);
INSERT INTO patient VALUES(20,'Charles Berger','0003-03-03','3','3','3','3','Inactive','2025-03-03 11:12:46.595643',NULL,NULL,NULL,NULL,NULL,NULL,'Clinic',NULL,NULL);
INSERT INTO patient VALUES(21,'John Mcgivern','0003-03-03','33','vertebrae spur l4 l5 post surgery','3','3','Active','2025-03-20 16:38:53.405359',NULL,NULL,NULL,NULL,NULL,NULL,'Clinic',NULL,NULL);
INSERT INTO patient VALUES(22,'David Burgett','0003-03-03','3','3','3','3','Active','2025-03-24 08:57:59.374946',NULL,NULL,NULL,NULL,NULL,NULL,'Clinic',NULL,NULL);
INSERT INTO patient VALUES(23,'Johann Ohayon','0003-03-03','3','Codo de golfista','Disminuir dolor y ganar fuerza ','3','Active','2025-03-24 10:10:03.747298',NULL,NULL,NULL,NULL,NULL,NULL,'Clinic',NULL,NULL);
INSERT INTO patient VALUES(24,'Sarah Dahan','0003-03-03','3','3','3','3','Inactive','2025-04-03 17:36:28.752451',NULL,NULL,NULL,NULL,NULL,NULL,'Clinic',NULL,NULL);
INSERT INTO patient VALUES(25,'Hayley Cronin','0003-03-31','3','3','3','3','Active','2025-04-07 09:58:30.298107',NULL,NULL,NULL,NULL,NULL,NULL,'Clinic',NULL,NULL);
INSERT INTO patient VALUES(26,'Patrick Martin',NULL,'patrickmartin11@hotmail.com','To be updated (Calendly booking)','To be determined','Patient booked via Calendly on 2025-04-15. NEEDS REVIEW: Partial information.','Active','2025-04-15 12:46:25.218201',NULL,NULL,NULL,NULL,NULL,NULL,'Clinic',NULL,NULL);
INSERT INTO patient VALUES(27,'Richard Pelletier',NULL,'rprecap@protonmail.com','To be updated (Calendly booking)','To be determined','Patient booked via Calendly on 2025-04-15. NEEDS REVIEW: Partial information.','Active','2025-04-15 12:46:25.555764',NULL,NULL,NULL,NULL,NULL,NULL,'Clinic',NULL,NULL);
INSERT INTO patient VALUES(28,'Victor Chacon',NULL,'victorchaconcoronado@gmail.com','To be updated (Calendly booking)','To be determined','Patient booked via Calendly on 2025-04-15. NEEDS REVIEW: Partial information.','Active','2025-04-15 12:46:25.827357',NULL,NULL,NULL,NULL,NULL,NULL,'Clinic',NULL,NULL);
INSERT INTO patient VALUES(29,'Sharifa Adham',NULL,'sharifa.adham@gmail.com','To be updated (Calendly booking)','To be determined','Patient booked via Calendly on 2025-04-15. NEEDS REVIEW: Partial information.','Active','2025-04-15 12:46:26.106047',NULL,NULL,NULL,NULL,NULL,NULL,'Clinic',NULL,NULL);
INSERT INTO patient VALUES(30,'Leila Mirzai','0003-03-03','mirzai.leila@gmail.com','To be updated (Calendly booking)','To be determined','Patient booked via Calendly on 2025-04-15. NEEDS REVIEW: Partial information.','Active','2025-04-15 12:46:26.730030',NULL,NULL,NULL,NULL,NULL,NULL,'Clinic',NULL,NULL);
INSERT INTO patient VALUES(31,'Laetitia Cooremans','0003-03-03','laetitiacooremans@hotmail.be','To be updated (Calendly booking)','To be determined','Patient booked via Calendly on 2025-04-15. NEEDS REVIEW: Partial information.','Active','2025-04-15 12:46:27.044950',NULL,NULL,NULL,NULL,NULL,NULL,'Clinic',NULL,NULL);
INSERT INTO patient VALUES(32,'Marie Salomé',NULL,'mariesalome@free.fr','To be updated (Calendly booking)','To be determined','Patient booked via Calendly on 2025-04-15. NEEDS REVIEW: Partial information.','Active','2025-04-15 12:46:27.384138',NULL,NULL,NULL,NULL,NULL,NULL,'Clinic',NULL,NULL);
INSERT INTO patient VALUES(33,'Luana Andreea','0003-03-03','luanaandreea6@gmail.com','To be updated (Calendly booking)','To be determined','Patient booked via Calendly on 2025-04-15. NEEDS REVIEW: Partial information.','Active','2025-04-15 12:46:27.977042',NULL,NULL,NULL,NULL,NULL,NULL,'Clinic',NULL,NULL);
INSERT INTO patient VALUES(34,'Leslie Abensour','0003-03-03','leslieabensour@hotmail.fr','To be updated (Calendly booking)','To be determined','Patient booked via Calendly on 2025-04-15. NEEDS REVIEW: Partial information.','Active','2025-04-15 12:46:28.526633',NULL,NULL,NULL,NULL,NULL,NULL,'Clinic',NULL,NULL);
INSERT INTO patient VALUES(35,'Georges Rabbat',NULL,'georgesrabbat@gmail.com','To be updated (Calendly booking)','To be determined','Patient booked via Calendly on 2025-04-15. NEEDS REVIEW: Partial information.','Active','2025-04-15 12:46:29.430781',NULL,NULL,NULL,NULL,NULL,NULL,'Clinic',NULL,NULL);
INSERT INTO patient VALUES(36,'Julia Le Gal Dahan',NULL,'julia.lgd@gmail.com','To be updated (Calendly booking)','To be determined','Patient booked via Calendly on 2025-04-15. NEEDS REVIEW: Partial information.','Active','2025-04-15 12:46:29.725792',NULL,NULL,NULL,NULL,NULL,NULL,'Clinic',NULL,NULL);
INSERT INTO patient VALUES(37,'Ricky Marshall',NULL,'rickymarshall@icloud.com','To be updated (Calendly booking)','To be determined','Patient booked via Calendly on 2025-04-15. NEEDS REVIEW: Partial information.','Active','2025-04-15 12:46:30.298708',NULL,NULL,NULL,NULL,NULL,NULL,'Clinic',NULL,NULL);
INSERT INTO patient VALUES(38,'Miguel Angel Quintero Molina ',NULL,'quinteromolinamiguelangel@gmail.com','To be updated (Calendly booking)','To be determined','Patient booked via Calendly on 2025-04-15. NEEDS REVIEW: Partial information.','Active','2025-04-15 12:46:32.384239',NULL,NULL,NULL,NULL,NULL,NULL,'Clinic',NULL,NULL);
INSERT INTO patient VALUES(39,'Mishaal Kamal Adham','0003-03-03','3','3','3','3','Inactive','2025-04-17 09:30:44.742982',NULL,NULL,NULL,NULL,NULL,NULL,'Clinic',NULL,NULL);
INSERT INTO patient VALUES(40,'Sergio Ballesteros',NULL,'s_ballesteros_@hotmail.com','To be updated (Calendly booking)','To be determined','Patient booked via Calendly on 2025-04-26. NEEDS REVIEW: Partial information.','Pending Review','2025-04-26 08:44:05.060035',NULL,NULL,NULL,NULL,NULL,NULL,'Clinic',NULL,NULL);
INSERT INTO patient VALUES(41,'Cathy Abitbol','0003-03-03','3','To be updated (Calendly booking)','To be determined','Patient booked via Calendly on 2025-04-26. NEEDS REVIEW: Partial information.','Active','2025-04-26 08:44:05.884655',NULL,NULL,NULL,NULL,NULL,NULL,'Clinic',NULL,NULL);
INSERT INTO patient VALUES(42,'Jean Marie ',NULL,'jmcbubu@gmail.com','To be updated (Calendly booking)','To be determined','Patient booked via Calendly on 2025-04-26. NEEDS REVIEW: Partial information.','Pending Review','2025-04-26 08:44:09.407908',NULL,NULL,NULL,NULL,NULL,NULL,'Clinic',NULL,NULL);
INSERT INTO patient VALUES(43,'Abitbol',NULL,'cathysobol1@gmail.com','To be updated (Calendly booking)','To be determined','Patient booked via Calendly on 2025-05-08. NEEDS REVIEW: Partial information.','Pending Review','2025-05-07 23:59:33.243920',NULL,NULL,NULL,NULL,NULL,NULL,'Clinic',NULL,NULL);
INSERT INTO patient VALUES(44,'Dirk ',NULL,'dirkvervaet@me.com','To be updated (Calendly booking)','To be determined','Patient booked via Calendly on 2025-05-08. NEEDS REVIEW: Partial information.','Pending Review','2025-05-07 23:59:35.043601',NULL,NULL,NULL,NULL,NULL,NULL,'Clinic',NULL,NULL);
INSERT INTO patient VALUES(45,'Emma Hassan',NULL,'emmaouaks@hotmail.com','To be updated (Calendly booking)','To be determined','Patient booked via Calendly on 2025-05-08. NEEDS REVIEW: Partial information.','Pending Review','2025-05-07 23:59:35.384098',NULL,NULL,NULL,NULL,NULL,NULL,'Clinic',NULL,NULL);
INSERT INTO patient VALUES(46,'Yohanna ',NULL,'contact@y-eyes.com','To be updated (Calendly booking)','To be determined','Patient booked via Calendly on 2025-05-08. NEEDS REVIEW: Partial information.','Pending Review','2025-05-07 23:59:35.654954',NULL,NULL,NULL,NULL,NULL,NULL,'Clinic',NULL,NULL);
CREATE TABLE IF NOT EXISTS "user" (
	id INTEGER NOT NULL, 
	username VARCHAR(64), 
	email VARCHAR(120) NOT NULL, 
	password_hash VARCHAR(256), 
	is_admin BOOLEAN, 
	created_at DATETIME, 
	role VARCHAR(20) DEFAULT 'physio' NOT NULL, 
	patient_id INTEGER, 
	clinic_id INTEGER, calendly_api_key TEXT, 
	PRIMARY KEY (id), 
	CONSTRAINT fk_user_patient_id_patient FOREIGN KEY(patient_id) REFERENCES patient (id), 
	CONSTRAINT fk_user_clinic_id FOREIGN KEY(clinic_id) REFERENCES clinic (id)
);
INSERT INTO user VALUES(1,'haim','admin@example.com','scrypt:32768:8:1$oWVO5BTWVrwBk0fq$c3abf827bea8da178936f99eb5bfa74c08d53f0e99acd6b9082d2f25a22d7f318d2e67f96cc743ba1425ec3aef00942f8e3cfb04c815cd49a0243c02b1a9f2f1',1,'2025-04-13 23:14:28.054055','physio',NULL,NULL,NULL);
INSERT INTO user VALUES(2,'filip@example.com','filip@example.com','pbkdf2:sha256:600000$XJ0KvGxesUK2hrdo$82990f22949d61965f87ef364862ef78c7da0c072169a2ec0aa716532b37980c',0,'2025-04-18 12:56:21.616453','patient',8,NULL,NULL);
INSERT INTO user VALUES(3,'andrea','andrea@andrea.com','scrypt:32768:8:1$ZYBlAfu2cUyJFf6k$e8d2638f8dcde246ea5f564916f50553faae029f7cf9c8879eacbe620031b3105f444dfda8206cb45bc3bcac9f413acb9149082694c1d7e9574678ba046e3ee4',0,'2025-05-07 20:37:05.218934','physio',NULL,1,NULL);
CREATE TABLE alembic_version (
	version_num VARCHAR(32) NOT NULL, 
	CONSTRAINT alembic_version_pkc PRIMARY KEY (version_num)
);
CREATE UNIQUE INDEX ix_treatment_calendly_invitee_uri ON treatment (calendly_invitee_uri);
CREATE INDEX ix_practice_reports_user_id ON practice_reports (user_id);
CREATE UNIQUE INDEX ix_user_email ON user (email);
CREATE UNIQUE INDEX ix_user_username ON user (username);
CREATE INDEX ix_user_clinic_id ON user (clinic_id);
COMMIT;
